condition,task,task_title,variant,correct,total,accuracy_pct,response_or_consensus_failures
self_verification_cove,obfus_blood_relation,Blood Relation,base,11,15,73.3333,0
self_verification_cove,obfus_blood_relation,Blood Relation,obfuscation_l1,7,15,46.6667,0
self_verification_cove,obfus_blood_relation,Blood Relation,obfuscation_l2,6,15,40.0,0
self_verification_cove,obfus_direction_sense,Direction Sense,base,8,15,53.3333,0
self_verification_cove,obfus_direction_sense,Direction Sense,obfuscation,8,15,53.3333,0
self_verification_cove,obfus_fol,FOL,base,13,15,86.6667,0
self_verification_cove,obfus_fol,FOL,obfuscation,7,15,46.6667,0
self_verification_cove,obfus_number_series,Number Series,base,12,15,80.0,0
self_verification_cove,obfus_number_series,Number Series,obfuscation,1,15,6.6667,0
