experiment,model,dataset,variant,setting,row_number,response_id,benchmark_order,ground_truth_raw,ground_truth,raw_prediction,prediction,correct,status,error,latency_seconds
Normalize-then-Solve,Ollama: llama3.1:8b (Q4_K_M),FOL,obfuscation,zero_shot,51,605365A270FD52AB,1,FALSE,false,FALSE,false,True,success,,92.575
Normalize-then-Solve,Ollama: llama3.1:8b (Q4_K_M),FOL,obfuscation,zero_shot,52,404832606BEEDC1E,2,FALSE,false,TRUE,true,False,success,,0.234
Normalize-then-Solve,Ollama: llama3.1:8b (Q4_K_M),FOL,obfuscation,zero_shot,53,35D50601BB7F7AF5,3,TRUE,true,TRUE,true,True,success,,0.248
Normalize-then-Solve,Ollama: llama3.1:8b (Q4_K_M),FOL,obfuscation,zero_shot,54,58994DF26E347328,4,FALSE,false,FALSE,false,True,success,,0.115
Normalize-then-Solve,Ollama: llama3.1:8b (Q4_K_M),FOL,obfuscation,zero_shot,55,17D02905EDAC2313,5,TRUE,true,TRUE,true,True,success,,0.119
Normalize-then-Solve,Ollama: llama3.1:8b (Q4_K_M),FOL,obfuscation,zero_shot,56,1B296263D54E3A82,6,FALSE,false,FALSE,false,True,success,,0.093
Normalize-then-Solve,Ollama: llama3.1:8b (Q4_K_M),FOL,obfuscation,zero_shot,57,27584BC575A85FB0,7,FALSE,false,FALSE,false,True,success,,0.086
Normalize-then-Solve,Ollama: llama3.1:8b (Q4_K_M),FOL,obfuscation,zero_shot,58,0578F0407A2E047E,8,FALSE,false,FALSE,false,True,success,,0.18
Normalize-then-Solve,Ollama: llama3.1:8b (Q4_K_M),FOL,obfuscation,zero_shot,59,3233D1870DC87426,9,FALSE,false,TRUE,true,False,success,,0.256
Normalize-then-Solve,Ollama: llama3.1:8b (Q4_K_M),FOL,obfuscation,zero_shot,60,948AC412B08B9FFC,10,FALSE,false,FALSE,false,True,success,,0.246
Normalize-then-Solve,Ollama: llama3.1:8b (Q4_K_M),FOL,obfuscation,zero_shot,61,6D88351246C8A533,11,FALSE,false,FALSE,false,True,success,,0.187
Normalize-then-Solve,Ollama: llama3.1:8b (Q4_K_M),FOL,obfuscation,zero_shot,62,F8CAAF8DD5F4229E,12,TRUE,true,TRUE,true,True,success,,0.207
Normalize-then-Solve,Ollama: llama3.1:8b (Q4_K_M),FOL,obfuscation,zero_shot,63,CDADD2CCD7846009,13,TRUE,true,TRUE,true,True,success,,0.113
Normalize-then-Solve,Ollama: llama3.1:8b (Q4_K_M),FOL,obfuscation,zero_shot,64,F955131DDA8F6003,14,FALSE,false,FALSE,false,True,success,,0.128
Normalize-then-Solve,Ollama: llama3.1:8b (Q4_K_M),FOL,obfuscation,zero_shot,65,5A56DDEA19C1A8CB,15,FALSE,false,TRUE,true,False,success,,0.207
Normalize-then-Solve,Ollama: llama3.1:8b (Q4_K_M),FOL,obfuscation,zero_shot,66,6ABF33FF4FBDB407,16,FALSE,false,TRUE,true,False,success,,0.214
Normalize-then-Solve,Ollama: llama3.1:8b (Q4_K_M),FOL,obfuscation,zero_shot,67,C9842BE3D2654E72,17,TRUE,true,TRUE,true,True,success,,0.222
Normalize-then-Solve,Ollama: llama3.1:8b (Q4_K_M),FOL,obfuscation,zero_shot,68,E34092DEF71114F0,18,FALSE,false,FALSE,false,True,success,,0.139
Normalize-then-Solve,Ollama: llama3.1:8b (Q4_K_M),FOL,obfuscation,zero_shot,69,B0C09FF4B939D53D,19,FALSE,false,TRUE,true,False,success,,0.113
Normalize-then-Solve,Ollama: llama3.1:8b (Q4_K_M),FOL,obfuscation,zero_shot,70,FF0424AED09E8838,20,TRUE,true,TRUE,true,True,success,,0.118
Normalize-then-Solve,Ollama: llama3.1:8b (Q4_K_M),FOL,obfuscation,zero_shot,71,E34A52D1FBE4BC5C,21,FALSE,false,FALSE,false,True,success,,0.191
Normalize-then-Solve,Ollama: llama3.1:8b (Q4_K_M),FOL,obfuscation,zero_shot,72,3CC61F8C53F71DC6,22,FALSE,false,TRUE,true,False,success,,0.185
Normalize-then-Solve,Ollama: llama3.1:8b (Q4_K_M),FOL,obfuscation,zero_shot,73,38D31829646EC84E,23,FALSE,false,FALSE,false,True,success,,0.152
Normalize-then-Solve,Ollama: llama3.1:8b (Q4_K_M),FOL,obfuscation,zero_shot,74,D9CCBB72FB7F6D75,24,FALSE,false,TRUE,true,False,success,,0.148
Normalize-then-Solve,Ollama: llama3.1:8b (Q4_K_M),FOL,obfuscation,zero_shot,75,9C228AAA30177D1F,25,FALSE,false,FALSE,false,True,success,,0.102
Normalize-then-Solve,Ollama: llama3.1:8b (Q4_K_M),FOL,obfuscation,zero_shot,76,78B2FD90FC5A9083,26,FALSE,false,TRUE,true,False,success,,0.186
Normalize-then-Solve,Ollama: llama3.1:8b (Q4_K_M),FOL,obfuscation,zero_shot,77,80572B0B4017F74F,27,FALSE,false,TRUE,true,False,success,,0.228
Normalize-then-Solve,Ollama: llama3.1:8b (Q4_K_M),FOL,obfuscation,zero_shot,78,AA2CC0E5CE81E90F,28,TRUE,true,TRUE,true,True,success,,0.21
Normalize-then-Solve,Ollama: llama3.1:8b (Q4_K_M),FOL,obfuscation,zero_shot,79,E19B395EC4D7CE5B,29,TRUE,true,TRUE,true,True,success,,0.184
Normalize-then-Solve,Ollama: llama3.1:8b (Q4_K_M),FOL,obfuscation,zero_shot,80,FE2080D5EEB9332C,30,TRUE,true,TRUE,true,True,success,,0.208
Normalize-then-Solve,Ollama: llama3.1:8b (Q4_K_M),FOL,obfuscation,zero_shot,81,3DC6C74802EF9888,31,TRUE,true,TRUE,true,True,success,,0.181
Normalize-then-Solve,Ollama: llama3.1:8b (Q4_K_M),FOL,obfuscation,zero_shot,82,8E49DDBDE3CAD54E,32,TRUE,true,TRUE,true,True,success,,0.147
Normalize-then-Solve,Ollama: llama3.1:8b (Q4_K_M),FOL,obfuscation,zero_shot,83,2D97772776DB120D,33,FALSE,false,TRUE,true,False,success,,0.114
Normalize-then-Solve,Ollama: llama3.1:8b (Q4_K_M),FOL,obfuscation,zero_shot,84,1896E2506E622439,34,TRUE,true,TRUE,true,True,success,,0.186
Normalize-then-Solve,Ollama: llama3.1:8b (Q4_K_M),FOL,obfuscation,zero_shot,85,9D17EDB9B88B4B7A,35,TRUE,true,FALSE,false,False,success,,0.134
Normalize-then-Solve,Ollama: llama3.1:8b (Q4_K_M),FOL,obfuscation,zero_shot,86,1081BABB01811048,36,TRUE,true,FALSE,false,False,success,,0.105
Normalize-then-Solve,Ollama: llama3.1:8b (Q4_K_M),FOL,obfuscation,zero_shot,87,FE374FDA150C19A9,37,FALSE,false,FALSE,false,True,success,,0.095
Normalize-then-Solve,Ollama: llama3.1:8b (Q4_K_M),FOL,obfuscation,zero_shot,88,565051FA90D515BA,38,FALSE,false,TRUE,true,False,success,,0.186
Normalize-then-Solve,Ollama: llama3.1:8b (Q4_K_M),FOL,obfuscation,zero_shot,89,6115199E894858C5,39,FALSE,false,TRUE,true,False,success,,0.236
Normalize-then-Solve,Ollama: llama3.1:8b (Q4_K_M),FOL,obfuscation,zero_shot,90,5CEB7BA5ADF927A0,40,TRUE,true,FALSE,false,False,success,,0.208
Normalize-then-Solve,Ollama: llama3.1:8b (Q4_K_M),FOL,obfuscation,zero_shot,91,CF13FC0067D4BDA3,41,FALSE,false,TRUE,true,False,success,,0.207
Normalize-then-Solve,Ollama: llama3.1:8b (Q4_K_M),FOL,obfuscation,zero_shot,92,314BB08CE029937A,42,TRUE,true,TRUE,true,True,success,,0.167
Normalize-then-Solve,Ollama: llama3.1:8b (Q4_K_M),FOL,obfuscation,zero_shot,93,1C5355167C656261,43,TRUE,true,TRUE,true,True,success,,0.211
Normalize-then-Solve,Ollama: llama3.1:8b (Q4_K_M),FOL,obfuscation,zero_shot,94,460AE8CA8A25D4A7,44,FALSE,false,TRUE,true,False,success,,0.202
Normalize-then-Solve,Ollama: llama3.1:8b (Q4_K_M),FOL,obfuscation,zero_shot,95,54A1C71BDB8E210C,45,TRUE,true,TRUE,true,True,success,,0.184
Normalize-then-Solve,Ollama: llama3.1:8b (Q4_K_M),FOL,obfuscation,zero_shot,96,003AF192C5205303,46,FALSE,false,TRUE,true,False,success,,0.129
Normalize-then-Solve,Ollama: llama3.1:8b (Q4_K_M),FOL,obfuscation,zero_shot,97,042DF9325759B97A,47,FALSE,false,TRUE,true,False,success,,0.215
Normalize-then-Solve,Ollama: llama3.1:8b (Q4_K_M),FOL,obfuscation,zero_shot,98,E884ED4DAF63DD3F,48,FALSE,false,FALSE,false,True,success,,0.185
Normalize-then-Solve,Ollama: llama3.1:8b (Q4_K_M),FOL,obfuscation,zero_shot,99,8E326766CF921B38,49,FALSE,false,TRUE,true,False,success,,0.188
Normalize-then-Solve,Ollama: llama3.1:8b (Q4_K_M),FOL,obfuscation,zero_shot,100,8B9208626EC082BF,50,FALSE,false,TRUE,true,False,success,,0.13
Normalize-then-Solve,Ollama: llama3.1:8b (Q4_K_M),Blood_Relation,obfuscation_l1,zero_shot,51,54EDAB3B59174D03,51,grandmother,grandmother,Grandfather.,grandfather,False,success,,0.216
Normalize-then-Solve,Ollama: llama3.1:8b (Q4_K_M),Blood_Relation,obfuscation_l1,zero_shot,52,D8580A4681A30938,52,sister,sister,Aunt,aunt,False,success,,0.158
Normalize-then-Solve,Ollama: llama3.1:8b (Q4_K_M),Blood_Relation,obfuscation_l1,zero_shot,53,73CFC6AB22B7E409,53,granddaughter,granddaughter,Grandmother,grandmother,False,success,,0.157
Normalize-then-Solve,Ollama: llama3.1:8b (Q4_K_M),Blood_Relation,obfuscation_l1,zero_shot,54,404D09F484CDFFA9,54,grandson,grandson,Grandson,grandson,True,success,,0.156
Normalize-then-Solve,Ollama: llama3.1:8b (Q4_K_M),Blood_Relation,obfuscation_l1,zero_shot,55,621CC78242A4B7BE,55,mother,mother,Grandmother.,grandmother,False,success,,0.165
Normalize-then-Solve,Ollama: llama3.1:8b (Q4_K_M),Blood_Relation,obfuscation_l1,zero_shot,56,0A281D8F73FB691C,56,brother-in-law,brother-in-law,Grandfather.,grandfather,False,success,,0.182
Normalize-then-Solve,Ollama: llama3.1:8b (Q4_K_M),Blood_Relation,obfuscation_l1,zero_shot,57,3CD5D003DF91468E,57,great-grandfather,great-grandfather,Great-grandfather,great-grandfather,True,success,,0.148
Normalize-then-Solve,Ollama: llama3.1:8b (Q4_K_M),Blood_Relation,obfuscation_l1,zero_shot,58,C497BE3749968F8D,58,great-grandfather,great-grandfather,Grandson,grandson,False,success,,0.129
Normalize-then-Solve,Ollama: llama3.1:8b (Q4_K_M),Blood_Relation,obfuscation_l1,zero_shot,59,0655A40CD2286CD8,59,cousin,cousin,Niece.,niece,False,success,,0.182
Normalize-then-Solve,Ollama: llama3.1:8b (Q4_K_M),Blood_Relation,obfuscation_l1,zero_shot,60,B01C0614D9580AEC,60,cousin,cousin,Nephew.,nephew,False,success,,0.17
Normalize-then-Solve,Ollama: llama3.1:8b (Q4_K_M),Blood_Relation,obfuscation_l1,zero_shot,61,2318BC377B47A52C,61,sister,sister,Sister,sister,True,success,,0.129
Normalize-then-Solve,Ollama: llama3.1:8b (Q4_K_M),Blood_Relation,obfuscation_l1,zero_shot,62,9973871BD774A477,62,wife,wife,Sister,sister,False,success,,0.145
Normalize-then-Solve,Ollama: llama3.1:8b (Q4_K_M),Blood_Relation,obfuscation_l1,zero_shot,63,71F794209321297F,63,brother,brother,Grandson,grandson,False,success,,0.136
Normalize-then-Solve,Ollama: llama3.1:8b (Q4_K_M),Blood_Relation,obfuscation_l1,zero_shot,64,1459EB0C33645ED3,64,granddaughter,granddaughter,Daughter,daughter,False,success,,0.141
Normalize-then-Solve,Ollama: llama3.1:8b (Q4_K_M),Blood_Relation,obfuscation_l1,zero_shot,65,A517C5DC2A21DB7F,65,aunt,aunt,Sister,sister,False,success,,0.147
Normalize-then-Solve,Ollama: llama3.1:8b (Q4_K_M),Blood_Relation,obfuscation_l1,zero_shot,66,82A5E1CB52005E84,66,aunt,aunt,Brother-in-law,brother-in-law,False,success,,0.205
Normalize-then-Solve,Ollama: llama3.1:8b (Q4_K_M),Blood_Relation,obfuscation_l1,zero_shot,67,B0922E6A5849A2EB,67,brother,brother,Grandson.,grandson,False,success,,0.157
Normalize-then-Solve,Ollama: llama3.1:8b (Q4_K_M),Blood_Relation,obfuscation_l1,zero_shot,68,3B3A42CC58923F61,68,brother,brother,Grandson,grandson,False,success,,0.135
Normalize-then-Solve,Ollama: llama3.1:8b (Q4_K_M),Blood_Relation,obfuscation_l1,zero_shot,69,DFB12910A50D80C0,69,son,son,Herself's,herself's,False,success,,0.178
Normalize-then-Solve,Ollama: llama3.1:8b (Q4_K_M),Blood_Relation,obfuscation_l1,zero_shot,70,0FE305552324784A,70,father,father,Grandson,grandson,False,success,,0.136
Normalize-then-Solve,Ollama: llama3.1:8b (Q4_K_M),Blood_Relation,obfuscation_l1,zero_shot,71,55168869431D363A,71,great-grandfather,great-grandfather,Brother,brother,False,success,,0.129
Normalize-then-Solve,Ollama: llama3.1:8b (Q4_K_M),Blood_Relation,obfuscation_l1,zero_shot,72,5BAA01E8D95F724E,72,grandfather,grandfather,J,j,False,success,,0.11
Normalize-then-Solve,Ollama: llama3.1:8b (Q4_K_M),Blood_Relation,obfuscation_l1,zero_shot,73,B480729974AD9100,73,brother,brother,Niece,niece,False,success,,0.146
Normalize-then-Solve,Ollama: llama3.1:8b (Q4_K_M),Blood_Relation,obfuscation_l1,zero_shot,74,AA526797E8F46331,74,brother,brother,Husband,husband,False,success,,0.126
Normalize-then-Solve,Ollama: llama3.1:8b (Q4_K_M),Blood_Relation,obfuscation_l1,zero_shot,75,128C39F38C88FA4D,75,son,son,Grandson.,grandson,False,success,,0.157
Normalize-then-Solve,Ollama: llama3.1:8b (Q4_K_M),Blood_Relation,obfuscation_l1,zero_shot,76,61EDEF0A27F9F7D8,76,brother,brother,Himself,himself,False,success,,0.17
Normalize-then-Solve,Ollama: llama3.1:8b (Q4_K_M),Blood_Relation,obfuscation_l1,zero_shot,77,1727307E896A90D4,77,grandson,grandson,Grandson,grandson,True,success,,0.163
Normalize-then-Solve,Ollama: llama3.1:8b (Q4_K_M),Blood_Relation,obfuscation_l1,zero_shot,78,9F62B4BBE2562FAD,78,great-granddaughter,great-granddaughter,Brother-in-law,brother-in-law,False,success,,0.202
Normalize-then-Solve,Ollama: llama3.1:8b (Q4_K_M),Blood_Relation,obfuscation_l1,zero_shot,79,F5B16A07EB64F10B,79,3,3,Three.,three,False,success,,0.149
Normalize-then-Solve,Ollama: llama3.1:8b (Q4_K_M),Blood_Relation,obfuscation_l1,zero_shot,80,336D4BC84D66514F,80,aunt,aunt,Aunt.,aunt,True,success,,0.171
Normalize-then-Solve,Ollama: llama3.1:8b (Q4_K_M),Blood_Relation,obfuscation_l1,zero_shot,81,0700F86A35410C13,81,mother,mother,Grandmother.,grandmother,False,success,,0.142
Normalize-then-Solve,Ollama: llama3.1:8b (Q4_K_M),Blood_Relation,obfuscation_l1,zero_shot,82,B1E6ED2959C86957,82,niece,niece,Uncle.,uncle,False,success,,0.146
Normalize-then-Solve,Ollama: llama3.1:8b (Q4_K_M),Blood_Relation,obfuscation_l1,zero_shot,83,EADDF97CAC49C102,83,brother-in-law,brother-in-law,Brother-in-law,brother-in-law,True,success,,0.177
Normalize-then-Solve,Ollama: llama3.1:8b (Q4_K_M),Blood_Relation,obfuscation_l1,zero_shot,84,9D917F4498D2F8FA,84,grandson,grandson,Grandson,grandson,True,success,,0.144
Normalize-then-Solve,Ollama: llama3.1:8b (Q4_K_M),Blood_Relation,obfuscation_l1,zero_shot,85,46152E15B04713E9,85,1,1,Two.,two,False,success,,0.14
Normalize-then-Solve,Ollama: llama3.1:8b (Q4_K_M),Blood_Relation,obfuscation_l1,zero_shot,86,FBEC53CD1F156B69,86,brother,brother,Himself,himself,False,success,,0.143
Normalize-then-Solve,Ollama: llama3.1:8b (Q4_K_M),Blood_Relation,obfuscation_l1,zero_shot,87,152619F2086C2D27,87,granddaughter,granddaughter,Granddaughter,granddaughter,True,success,,0.139
Normalize-then-Solve,Ollama: llama3.1:8b (Q4_K_M),Blood_Relation,obfuscation_l1,zero_shot,88,A6A6069D23DF125A,88,granddaughter,granddaughter,Aunt,aunt,False,success,,0.124
Normalize-then-Solve,Ollama: llama3.1:8b (Q4_K_M),Blood_Relation,obfuscation_l1,zero_shot,89,A8EFBFED6FD76B8A,89,son,son,Grandson.,grandson,False,success,,0.145
Normalize-then-Solve,Ollama: llama3.1:8b (Q4_K_M),Blood_Relation,obfuscation_l1,zero_shot,90,C2E9E4C6B519B440,90,brother,brother,Grandson,grandson,False,success,,0.132
Normalize-then-Solve,Ollama: llama3.1:8b (Q4_K_M),Blood_Relation,obfuscation_l1,zero_shot,91,8AC819C8FEEEC2FB,91,father,father,Husband.,husband,False,success,,0.137
Normalize-then-Solve,Ollama: llama3.1:8b (Q4_K_M),Blood_Relation,obfuscation_l1,zero_shot,92,8D87F384E78B20EE,92,grandmother,grandmother,Brotherinlaw,brotherinlaw,False,success,,0.176
Normalize-then-Solve,Ollama: llama3.1:8b (Q4_K_M),Blood_Relation,obfuscation_l1,zero_shot,93,8361B0E22FDE7205,93,sister,sister,Granddaughter,granddaughter,False,success,,0.125
Normalize-then-Solve,Ollama: llama3.1:8b (Q4_K_M),Blood_Relation,obfuscation_l1,zero_shot,94,883760E586209DE3,94,granddaughter,granddaughter,Daughter,daughter,False,success,,0.168
Normalize-then-Solve,Ollama: llama3.1:8b (Q4_K_M),Blood_Relation,obfuscation_l1,zero_shot,95,46850AE180A3C198,95,daughter-in-law,daughter-in-law,Grandmother,grandmother,False,success,,0.118
Normalize-then-Solve,Ollama: llama3.1:8b (Q4_K_M),Blood_Relation,obfuscation_l1,zero_shot,96,2EDA62090C90D27C,96,3,3,Three,three,False,success,,0.117
Normalize-then-Solve,Ollama: llama3.1:8b (Q4_K_M),Blood_Relation,obfuscation_l1,zero_shot,97,5785A7F93DD0BBC4,97,father,father,Niece,niece,False,success,,0.125
Normalize-then-Solve,Ollama: llama3.1:8b (Q4_K_M),Blood_Relation,obfuscation_l1,zero_shot,98,DB058F72E47FFEE4,98,3,3,Three,three,False,success,,0.128
Normalize-then-Solve,Ollama: llama3.1:8b (Q4_K_M),Blood_Relation,obfuscation_l1,zero_shot,99,86099CE1BA0382B7,99,grandson,grandson,Brother-in-law.,brother-in-law,False,success,,0.192
Normalize-then-Solve,Ollama: llama3.1:8b (Q4_K_M),Blood_Relation,obfuscation_l1,zero_shot,100,25404196ECF57259,100,daughter,daughter,Daughter.,daughter,True,success,,0.153
Normalize-then-Solve,Ollama: llama3.1:8b (Q4_K_M),Blood_Relation,obfuscation_l2,zero_shot,101,A26577C5DE74650D,101,father,father,Grandson.,grandson,False,success,,0.142
Normalize-then-Solve,Ollama: llama3.1:8b (Q4_K_M),Blood_Relation,obfuscation_l2,zero_shot,102,07EF5591616A5314,102,daughter,daughter,Daughter,daughter,True,success,,0.142
Normalize-then-Solve,Ollama: llama3.1:8b (Q4_K_M),Blood_Relation,obfuscation_l2,zero_shot,103,1062F0B4A21FF41B,103,brother,brother,Grandson,grandson,False,success,,0.119
Normalize-then-Solve,Ollama: llama3.1:8b (Q4_K_M),Blood_Relation,obfuscation_l2,zero_shot,104,777AD611C46295A3,104,father,father,Uncle.,uncle,False,success,,0.137
Normalize-then-Solve,Ollama: llama3.1:8b (Q4_K_M),Blood_Relation,obfuscation_l2,zero_shot,105,D6177347F2700F59,105,brother,brother,Veena's grandson,veena's grandson,False,success,,0.167
Normalize-then-Solve,Ollama: llama3.1:8b (Q4_K_M),Blood_Relation,obfuscation_l2,zero_shot,106,3A3D26B605D4ABF7,106,aunt,aunt,Cousin,cousin,False,success,,0.171
Normalize-then-Solve,Ollama: llama3.1:8b (Q4_K_M),Blood_Relation,obfuscation_l2,zero_shot,107,CBA415997025E0D8,107,brother,brother,Veena's grandson.,veena's grandson,False,success,,0.196
Normalize-then-Solve,Ollama: llama3.1:8b (Q4_K_M),Blood_Relation,obfuscation_l2,zero_shot,108,13CE491CFD6EE16B,108,mother,mother,Grandson.,grandson,False,success,,0.147
Normalize-then-Solve,Ollama: llama3.1:8b (Q4_K_M),Blood_Relation,obfuscation_l2,zero_shot,109,DFC44CC067EE488E,109,aunt,aunt,Wife's sister.,wife's sister,False,success,,0.205
Normalize-then-Solve,Ollama: llama3.1:8b (Q4_K_M),Blood_Relation,obfuscation_l2,zero_shot,110,8AAE0F62510F4312,110,daughter,daughter,Kabir's sister.,kabir's sister,False,success,,0.225
Normalize-then-Solve,Ollama: llama3.1:8b (Q4_K_M),Blood_Relation,obfuscation_l2,zero_shot,111,998E91F5697BD005,111,sister-in-law,sister-in-law,Sister,sister,False,success,,0.134
Normalize-then-Solve,Ollama: llama3.1:8b (Q4_K_M),Blood_Relation,obfuscation_l2,zero_shot,112,FE46E896805319E3,112,mother,mother,Grandmother.,grandmother,False,success,,0.145
Normalize-then-Solve,Ollama: llama3.1:8b (Q4_K_M),Blood_Relation,obfuscation_l2,zero_shot,113,F87B39132B82ADB1,113,wife,wife,Daughter-in-law,daughter-in-law,False,success,,0.158
Normalize-then-Solve,Ollama: llama3.1:8b (Q4_K_M),Blood_Relation,obfuscation_l2,zero_shot,114,2BB04EA9B88E49DD,114,aunt,aunt,Aunt,aunt,True,success,,0.145
Normalize-then-Solve,Ollama: llama3.1:8b (Q4_K_M),Blood_Relation,obfuscation_l2,zero_shot,115,A1CA646EF6178994,115,brother-in-law,brother-in-law,Son's,son's,False,success,,0.13
Normalize-then-Solve,Ollama: llama3.1:8b (Q4_K_M),Blood_Relation,obfuscation_l2,zero_shot,116,F95684F2EAE2A33C,116,2,2,Two.,two,False,success,,0.135
Normalize-then-Solve,Ollama: llama3.1:8b (Q4_K_M),Blood_Relation,obfuscation_l2,zero_shot,117,FF1E0BCAE635AEFB,117,brother,brother,Grandson,grandson,False,success,,0.123
Normalize-then-Solve,Ollama: llama3.1:8b (Q4_K_M),Blood_Relation,obfuscation_l2,zero_shot,118,1B5272F471A3664E,118,brother,brother,Himself,himself,False,success,,0.157
Normalize-then-Solve,Ollama: llama3.1:8b (Q4_K_M),Blood_Relation,obfuscation_l2,zero_shot,119,112766228F381CE7,119,wife,wife,Father-in-law,father-in-law,False,success,,0.169
Normalize-then-Solve,Ollama: llama3.1:8b (Q4_K_M),Blood_Relation,obfuscation_l2,zero_shot,120,FE54A0DF16D6A308,120,grandfather,grandfather,Grandfather.,grandfather,True,success,,0.148
Normalize-then-Solve,Ollama: llama3.1:8b (Q4_K_M),Blood_Relation,obfuscation_l2,zero_shot,121,76EDB1DAC5163A34,121,sister,sister,Grandson.,grandson,False,success,,0.16
Normalize-then-Solve,Ollama: llama3.1:8b (Q4_K_M),Blood_Relation,obfuscation_l2,zero_shot,122,3D7E41FCBFBB7537,122,brother,brother,Granddaughter,granddaughter,False,success,,0.129
Normalize-then-Solve,Ollama: llama3.1:8b (Q4_K_M),Blood_Relation,obfuscation_l2,zero_shot,123,DEFCD00CFEAAE08D,123,cousin,cousin,Sister,sister,False,success,,0.117
Normalize-then-Solve,Ollama: llama3.1:8b (Q4_K_M),Blood_Relation,obfuscation_l2,zero_shot,124,DACDDD83A29CFC3D,124,husband,husband,Grandparent,grandparent,False,success,,0.113
Normalize-then-Solve,Ollama: llama3.1:8b (Q4_K_M),Blood_Relation,obfuscation_l2,zero_shot,125,4C1F8DA490017CEF,125,brother-in-law,brother-in-law,Grandfather,grandfather,False,success,,0.148
Normalize-then-Solve,Ollama: llama3.1:8b (Q4_K_M),Blood_Relation,obfuscation_l2,zero_shot,126,BB9A471699128AD7,126,daughter-in-law,daughter-in-law,Brother-in-law,brother-in-law,False,success,,0.164
Normalize-then-Solve,Ollama: llama3.1:8b (Q4_K_M),Blood_Relation,obfuscation_l2,zero_shot,127,AE3F0BCFD9AF4AAA,127,brother,brother,Grandson.,grandson,False,success,,0.181
Normalize-then-Solve,Ollama: llama3.1:8b (Q4_K_M),Blood_Relation,obfuscation_l2,zero_shot,128,C48EF0079CD176D1,128,mother,mother,Granddaughter.,granddaughter,False,success,,0.147
Normalize-then-Solve,Ollama: llama3.1:8b (Q4_K_M),Blood_Relation,obfuscation_l2,zero_shot,129,3BF7182877B5F7EE,129,grandson,grandson,Grandson,grandson,True,success,,0.141
Normalize-then-Solve,Ollama: llama3.1:8b (Q4_K_M),Blood_Relation,obfuscation_l2,zero_shot,130,4F9FD182B2EEDCE6,130,father,father,Brotherinlaw,brotherinlaw,False,success,,0.163
Normalize-then-Solve,Ollama: llama3.1:8b (Q4_K_M),Blood_Relation,obfuscation_l2,zero_shot,131,4124AD24F8A48FE9,131,grandmother,grandmother,Salman's grandmother.,salman's grandmother,False,success,,0.216
Normalize-then-Solve,Ollama: llama3.1:8b (Q4_K_M),Blood_Relation,obfuscation_l2,zero_shot,132,6035647664598B51,132,aunt,aunt,Aunt.,aunt,True,success,,0.147
Normalize-then-Solve,Ollama: llama3.1:8b (Q4_K_M),Blood_Relation,obfuscation_l2,zero_shot,133,69719BED85C5A1C9,133,grandson,grandson,Grandson,grandson,True,success,,0.142
Normalize-then-Solve,Ollama: llama3.1:8b (Q4_K_M),Blood_Relation,obfuscation_l2,zero_shot,134,943861E4E4262B16,134,mother-in-law,mother-in-law,Grandmother,grandmother,False,success,,0.124
Normalize-then-Solve,Ollama: llama3.1:8b (Q4_K_M),Blood_Relation,obfuscation_l2,zero_shot,135,80824AE994D48E84,135,sister-in-law,sister-in-law,Sister,sister,False,success,,0.122
Normalize-then-Solve,Ollama: llama3.1:8b (Q4_K_M),Blood_Relation,obfuscation_l2,zero_shot,136,6444CCDDD2633D7A,136,aunt,aunt,Granddaughter.,granddaughter,False,success,,0.146
Normalize-then-Solve,Ollama: llama3.1:8b (Q4_K_M),Blood_Relation,obfuscation_l2,zero_shot,137,19D38506BD72F780,137,aunt,aunt,Granddaughter,granddaughter,False,success,,0.159
Normalize-then-Solve,Ollama: llama3.1:8b (Q4_K_M),Blood_Relation,obfuscation_l2,zero_shot,138,FBF382B2670B26CC,138,uncle,uncle,Brother-in-law,brother-in-law,False,success,,0.173
Normalize-then-Solve,Ollama: llama3.1:8b (Q4_K_M),Blood_Relation,obfuscation_l2,zero_shot,139,BA8B35C41D532319,139,daughter-in-law,daughter-in-law,Niece,niece,False,success,,0.116
Normalize-then-Solve,Ollama: llama3.1:8b (Q4_K_M),Blood_Relation,obfuscation_l2,zero_shot,140,CFF4E0ECA0153B4E,140,mother,mother,Grandmother.,grandmother,False,success,,0.161
Normalize-then-Solve,Ollama: llama3.1:8b (Q4_K_M),Blood_Relation,obfuscation_l2,zero_shot,141,20F96C9DD86F7C46,141,uncle,uncle,Grandfather.,grandfather,False,success,,0.149
Normalize-then-Solve,Ollama: llama3.1:8b (Q4_K_M),Blood_Relation,obfuscation_l2,zero_shot,142,DA3E3C28F842A027,142,aunt,aunt,Granddaughter,granddaughter,False,success,,0.126
Normalize-then-Solve,Ollama: llama3.1:8b (Q4_K_M),Blood_Relation,obfuscation_l2,zero_shot,143,A3F83B842D0A73F9,143,grandson,grandson,Son's son's son.,son's son's son,False,success,,0.221
Normalize-then-Solve,Ollama: llama3.1:8b (Q4_K_M),Blood_Relation,obfuscation_l2,zero_shot,144,009A56365ECACA43,144,brother,brother,Grandson,grandson,False,success,,0.126
Normalize-then-Solve,Ollama: llama3.1:8b (Q4_K_M),Blood_Relation,obfuscation_l2,zero_shot,145,D0035EE0FD4939F0,145,son,son,Brother,brother,False,success,,0.14
Normalize-then-Solve,Ollama: llama3.1:8b (Q4_K_M),Blood_Relation,obfuscation_l2,zero_shot,146,3A8FFEE3A6F2C622,146,father,father,Great-grandfather.,great-grandfather,False,success,,0.188
Normalize-then-Solve,Ollama: llama3.1:8b (Q4_K_M),Blood_Relation,obfuscation_l2,zero_shot,147,FF602E199A1DCCD0,147,mother,mother,Son.,son,False,success,,0.139
Normalize-then-Solve,Ollama: llama3.1:8b (Q4_K_M),Blood_Relation,obfuscation_l2,zero_shot,148,416D7F2634690FA9,148,sister,sister,Grandfather.,grandfather,False,success,,0.148
Normalize-then-Solve,Ollama: llama3.1:8b (Q4_K_M),Blood_Relation,obfuscation_l2,zero_shot,149,84B51353FC3437B7,149,mother,mother,Sister,sister,False,success,,0.148
Normalize-then-Solve,Ollama: llama3.1:8b (Q4_K_M),Blood_Relation,obfuscation_l2,zero_shot,150,C74F6A1FD57D0FEB,150,2,2,Two,two,False,success,,0.137
Normalize-then-Solve,Ollama: llama3.1:8b (Q4_K_M),Direction_Sense,obfuscation,zero_shot,51,88A2281299CB4699,151,at starting point,at starting point,North-East,north-east,False,success,,0.221
Normalize-then-Solve,Ollama: llama3.1:8b (Q4_K_M),Direction_Sense,obfuscation,zero_shot,52,85BC55487EF7E2E1,152,7.07 km North-East,7.07 km north-east,"North-East, 10 km","north-east, 10 km",False,success,,0.254
Normalize-then-Solve,Ollama: llama3.1:8b (Q4_K_M),Direction_Sense,obfuscation,zero_shot,53,818FA87D2BFFAF59,153,West,west,North,north,False,success,,0.155
Normalize-then-Solve,Ollama: llama3.1:8b (Q4_K_M),Direction_Sense,obfuscation,zero_shot,54,A2ACD59D508FDEBA,154,At starting point,at starting point,"East 5 km, then North 5 km, then West 5 km, then South 5 km.

Final answer: North 5 km.","east 5 km, then north 5 km, then west 5 km, then south 5 km. final answer: north 5 km",False,success,,0.935
Normalize-then-Solve,Ollama: llama3.1:8b (Q4_K_M),Direction_Sense,obfuscation,zero_shot,55,001F41419FFF5F30,155,North-West,north-west,North-East,north-east,False,success,,0.158
Normalize-then-Solve,Ollama: llama3.1:8b (Q4_K_M),Direction_Sense,obfuscation,zero_shot,56,CAB44E2F274B8196,156,4.85 km,4.85 km,North-East,north-east,False,success,,0.148
Normalize-then-Solve,Ollama: llama3.1:8b (Q4_K_M),Direction_Sense,obfuscation,zero_shot,57,E196C3A3DA461B07,157,North,north,North-East,north-east,False,success,,0.231
Normalize-then-Solve,Ollama: llama3.1:8b (Q4_K_M),Direction_Sense,obfuscation,zero_shot,58,75013926B04B7F20,158,At starting point,at starting point,North-East,north-east,False,success,,0.148
Normalize-then-Solve,Ollama: llama3.1:8b (Q4_K_M),Direction_Sense,obfuscation,zero_shot,59,AE80F25645247FDE,159,8.72 km,8.72 km,4.5 km,4.5 km,False,success,,0.223
Normalize-then-Solve,Ollama: llama3.1:8b (Q4_K_M),Direction_Sense,obfuscation,zero_shot,60,228A4289FD902526,160,6 km West,6 km west,North-East 4.5 km,north-east 4.5 km,False,success,,0.302
Normalize-then-Solve,Ollama: llama3.1:8b (Q4_K_M),Direction_Sense,obfuscation,zero_shot,61,C571AEEC8935B8C1,161,West,west,North-East,north-east,False,success,,0.233
Normalize-then-Solve,Ollama: llama3.1:8b (Q4_K_M),Direction_Sense,obfuscation,zero_shot,62,A11A683E421AB417,162,"9.49 m, South-East","9.49 m, south-east","12 km, South-East","12 km, south-east",False,success,,0.273
Normalize-then-Solve,Ollama: llama3.1:8b (Q4_K_M),Direction_Sense,obfuscation,zero_shot,63,55331DE1274FE958,163,10.91 km,10.91 km,"North-East, 7.79 km","north-east, 7.79 km",False,success,,0.317
Normalize-then-Solve,Ollama: llama3.1:8b (Q4_K_M),Direction_Sense,obfuscation,zero_shot,64,D8D0ECF1A79F9319,164,4.64 km,4.64 km,The straight-line distance from his current position back to the original starting point is 2.24 km.,the straight-line distance from his current position back to the original starting point is 2.24 km,False,success,,0.72
Normalize-then-Solve,Ollama: llama3.1:8b (Q4_K_M),Direction_Sense,obfuscation,zero_shot,65,9BC3B26765CFFA96,165,At starting point,at starting point,North-East,north-east,False,success,,0.15
Normalize-then-Solve,Ollama: llama3.1:8b (Q4_K_M),Direction_Sense,obfuscation,zero_shot,66,47E5B03090244470,166,5 km North-East,5 km north-east,5 km North-East,5 km north-east,True,success,,0.217
Normalize-then-Solve,Ollama: llama3.1:8b (Q4_K_M),Direction_Sense,obfuscation,zero_shot,67,077B0CF1D186E8C3,167,At starting point,at starting point,North-West,north-west,False,success,,0.148
Normalize-then-Solve,Ollama: llama3.1:8b (Q4_K_M),Direction_Sense,obfuscation,zero_shot,68,ABB0AADEB10A6D47,168,"0 m, At starting point","0 m, at starting point",0 km,0 km,False,success,,0.126
Normalize-then-Solve,Ollama: llama3.1:8b (Q4_K_M),Direction_Sense,obfuscation,zero_shot,69,D0C6D9A687E69300,169,"0 m, At starting point","0 m, at starting point",0 km,0 km,False,success,,0.169
Normalize-then-Solve,Ollama: llama3.1:8b (Q4_K_M),Direction_Sense,obfuscation,zero_shot,70,5F597953A85B2886,170,"16.28 km, North-West","16.28 km, north-west",3 km North-East,3 km north-east,False,success,,0.326
Normalize-then-Solve,Ollama: llama3.1:8b (Q4_K_M),Direction_Sense,obfuscation,zero_shot,71,0ECD877D626DD3E4,171,4.64 km,4.64 km,"North-East, 3.61 km","north-east, 3.61 km",False,success,,0.274
Normalize-then-Solve,Ollama: llama3.1:8b (Q4_K_M),Direction_Sense,obfuscation,zero_shot,72,9FE58D25719C7BE9,172,"0 m, At starting point","0 m, at starting point",0 km,0 km,False,success,,0.127
Normalize-then-Solve,Ollama: llama3.1:8b (Q4_K_M),Direction_Sense,obfuscation,zero_shot,73,5E083BF5D1A59676,173,At starting point,at starting point,North-East,north-east,False,success,,0.147
Normalize-then-Solve,Ollama: llama3.1:8b (Q4_K_M),Direction_Sense,obfuscation,zero_shot,74,B84F4A235B76761C,174,East,east,North-East,north-east,False,success,,0.219
Normalize-then-Solve,Ollama: llama3.1:8b (Q4_K_M),Direction_Sense,obfuscation,zero_shot,75,E83B948D2E623FFD,175,West,west,West,west,True,success,,0.17
Normalize-then-Solve,Ollama: llama3.1:8b (Q4_K_M),Direction_Sense,obfuscation,zero_shot,76,A4B4A8B02FCF14DD,176,"6 km, West","6 km, west","To find the net displacement from home, we need to determine the final position of Raj relative to his home.

1. Raj walks 6 km west from his home.
2. Then, he visits the pharmacy, which is 2 km south and 1 km east of his current position. To reach the pharmacy, he needs to walk 2 km south and 1 km east from his current position.

Since he walked 6 km west from home, and then 1 km east to reach the pharmacy, his net displacement in the east-west direction is 6 km - 1 km = 5 km west.

Now, let's consider the north-south direction. He walked 6 km west, which means he is 6 km away from his home in the west direction. Then, he walked 2 km south to reach the pharmacy. So, his net displacement in the north-south direction is 6 km west and 2 km south.

To find the net displacement, we need to use the Pythagorean theorem to calculate the distance and direction.

The distance can be calculated as:
√(5² + 2²) = √(25 + 4) = √29 ≈ 5.39 km

The direction can be calculated as:
tan(θ) = 2/5
θ ≈ 21.8° south of west

So, the net displacement from home is approximately 5.39 km south of west.","to find the net displacement from home, we need to determine the final position of raj relative to his home. 1. raj walks 6 km west from his home. 2. then, he visits the pharmacy, which is 2 km south and 1 km east of his current position. to reach the pharmacy, he needs to walk 2 km south and 1 km east from his current position. since he walked 6 km west from home, and then 1 km east to reach the pharmacy, his net displacement in the east-west direction is 6 km - 1 km = 5 km west. now, let's consider the north-south direction. he walked 6 km west, which means he is 6 km away from his home in the west direction. then, he walked 2 km south to reach the pharmacy. so, his net displacement in the north-south direction is 6 km west and 2 km south. to find the net displacement, we need to use the pythagorean theorem to calculate the distance and direction. the distance can be calculated as: √(5² + 2²) = √(25 + 4) = √29 ≈ 5.39 km the direction can be calculated as: tan(θ) = 2/5 θ ≈ 21.8° south of west so, the net displacement from home is approximately 5.39 km south of west",False,success,,8.66
Normalize-then-Solve,Ollama: llama3.1:8b (Q4_K_M),Direction_Sense,obfuscation,zero_shot,77,AEF6222FAEFFF0D6,177,North,north,North-East,north-east,False,success,,0.2
Normalize-then-Solve,Ollama: llama3.1:8b (Q4_K_M),Direction_Sense,obfuscation,zero_shot,78,5027E0DCEF12B051,178,South,south,North-East,north-east,False,success,,0.125
Normalize-then-Solve,Ollama: llama3.1:8b (Q4_K_M),Direction_Sense,obfuscation,zero_shot,79,573A88DA0445F2F2,179,At starting point,at starting point,North-East,north-east,False,success,,0.135
Normalize-then-Solve,Ollama: llama3.1:8b (Q4_K_M),Direction_Sense,obfuscation,zero_shot,80,A651A86E6E7092F8,180,80 meters West,80 meters west,1.5 km,1.5 km,False,success,,0.293
Normalize-then-Solve,Ollama: llama3.1:8b (Q4_K_M),Direction_Sense,obfuscation,zero_shot,81,DB9C033AF704B6DF,181,0 meters,0 meters,0 km,0 km,False,success,,0.128
Normalize-then-Solve,Ollama: llama3.1:8b (Q4_K_M),Direction_Sense,obfuscation,zero_shot,82,08367F8B728803C4,182,10.91 km,10.91 km,7.35 km,7.35 km,False,success,,0.183
Normalize-then-Solve,Ollama: llama3.1:8b (Q4_K_M),Direction_Sense,obfuscation,zero_shot,83,95A218ED49654954,183,"3 km, West","3 km, west",North-East,north-east,False,success,,0.127
Normalize-then-Solve,Ollama: llama3.1:8b (Q4_K_M),Direction_Sense,obfuscation,zero_shot,84,BEEDBDA908B1394A,184,"10.00 km, North-East","10.00 km, north-east",North 2 km,north 2 km,False,success,,0.178
Normalize-then-Solve,Ollama: llama3.1:8b (Q4_K_M),Direction_Sense,obfuscation,zero_shot,85,857E8A8E00FA630A,185,"11.66 km, North-East","11.66 km, north-east","North-East, 12.5 km","north-east, 12.5 km",False,success,,0.283
Normalize-then-Solve,Ollama: llama3.1:8b (Q4_K_M),Direction_Sense,obfuscation,zero_shot,86,F93B903CC9909671,186,At starting point,at starting point,North-East,north-east,False,success,,0.156
Normalize-then-Solve,Ollama: llama3.1:8b (Q4_K_M),Direction_Sense,obfuscation,zero_shot,87,384A1C7803AF12F4,187,South,south,North,north,False,success,,0.152
Normalize-then-Solve,Ollama: llama3.1:8b (Q4_K_M),Direction_Sense,obfuscation,zero_shot,88,7C3BEA9D4D477EBC,188,14 m,14 m,The shortest linear distance between G and X is 12 m.,the shortest linear distance between g and x is 12 m,False,success,,0.529
Normalize-then-Solve,Ollama: llama3.1:8b (Q4_K_M),Direction_Sense,obfuscation,zero_shot,89,CE66B313ACC10919,189,14.14 km North-East,14.14 km north-east,"North-East, 28 km","north-east, 28 km",False,success,,0.277
Normalize-then-Solve,Ollama: llama3.1:8b (Q4_K_M),Direction_Sense,obfuscation,zero_shot,90,DC78C34287314210,190,East,east,North-East,north-east,False,success,,0.149
Normalize-then-Solve,Ollama: llama3.1:8b (Q4_K_M),Direction_Sense,obfuscation,zero_shot,91,9E6030FD768A4F5A,191,40 m,40 m,0 km,0 km,False,success,,0.272
Normalize-then-Solve,Ollama: llama3.1:8b (Q4_K_M),Direction_Sense,obfuscation,zero_shot,92,8D30C0DE64158A8C,192,"7.81 km, North-East","7.81 km, north-east","North-East, 7.07 km","north-east, 7.07 km",False,success,,0.309
Normalize-then-Solve,Ollama: llama3.1:8b (Q4_K_M),Direction_Sense,obfuscation,zero_shot,93,AAAF1588DCA5C5FE,193,North-West,north-west,North-East,north-east,False,success,,0.134
Normalize-then-Solve,Ollama: llama3.1:8b (Q4_K_M),Direction_Sense,obfuscation,zero_shot,94,435D27645987CE18,194,"0 m, At starting point","0 m, at starting point",0 km,0 km,False,success,,0.183
Normalize-then-Solve,Ollama: llama3.1:8b (Q4_K_M),Direction_Sense,obfuscation,zero_shot,95,D576DFE6D22153EC,195,"7.07 km, North-East","7.07 km, north-east",North-East 2.5 km,north-east 2.5 km,False,success,,0.293
Normalize-then-Solve,Ollama: llama3.1:8b (Q4_K_M),Direction_Sense,obfuscation,zero_shot,96,EA3B05AB443E6F31,196,5.00 km,5.00 km,The straight-line distance between their final position and the starting point is 30 km.,the straight-line distance between their final position and the starting point is 30 km,False,success,,0.574
Normalize-then-Solve,Ollama: llama3.1:8b (Q4_K_M),Direction_Sense,obfuscation,zero_shot,97,D9884A861F2EA06C,197,"5.00 km, West","5.00 km, west",5 km,5 km,False,success,,0.271
Normalize-then-Solve,Ollama: llama3.1:8b (Q4_K_M),Direction_Sense,obfuscation,zero_shot,98,DE064F7BF4A3D371,198,4.64 km,4.64 km,"To solve this problem, we need to break it down into steps.

1. The traveler walks 3 km East. This means their current position is 3 km East of the starting point.

2. Then, the traveler walks 2 km North-East. To find the new position, we need to break down the North-East direction into its North and East components.

   North-East is at a 45-degree angle to both North and East. So, the North component is 2 km * cos(45°) = 1.414 km (approximately) and the East component is also 1.414 km.

3. Now, we add the East component to the traveler's current East position. The new East position is 3 km + 1.414 km = 4.414 km East of the starting point.

4. To find the North position, we add the North component to the traveler's current North position. However, since the problem doesn't specify the initial North position, we assume it's 0 km North. The new North position is 0 km + 1.414 km = 1.414 km North of the starting point.

5. To find the distance from the starting point, we use the Pythagorean theorem: distance = √((East position)^2 + (North position)^2) = √((4.414)^2 + (1.414)^2) = √(19.5 + 2) = √21.5 ≈ 4.65 km.

However, the problem asks for the distance, not the position. Since the question doesn't specify which distance to find (from the starting point or between the two points), we'll assume it's asking for the distance from the starting point.

The final answer is: 4.65 km","to solve this problem, we need to break it down into steps. 1. the traveler walks 3 km east. this means their current position is 3 km east of the starting point. 2. then, the traveler walks 2 km north-east. to find the new position, we need to break down the north-east direction into its north and east components. north-east is at a 45-degree angle to both north and east. so, the north component is 2 km * cos(45°) = 1.414 km (approximately) and the east component is also 1.414 km. 3. now, we add the east component to the traveler's current east position. the new east position is 3 km + 1.414 km = 4.414 km east of the starting point. 4. to find the north position, we add the north component to the traveler's current north position. however, since the problem doesn't specify the initial north position, we assume it's 0 km north. the new north position is 0 km + 1.414 km = 1.414 km north of the starting point. 5. to find the distance from the starting point, we use the pythagorean theorem: distance = √((east position)^2 + (north position)^2) = √((4.414)^2 + (1.414)^2) = √(19.5 + 2) = √21.5 ≈ 4.65 km. however, the problem asks for the distance, not the position. since the question doesn't specify which distance to find (from the starting point or between the two points), we'll assume it's asking for the distance from the starting point. the final answer is: 4.65 km",False,success,,11.232
Normalize-then-Solve,Ollama: llama3.1:8b (Q4_K_M),Direction_Sense,obfuscation,zero_shot,99,36266196D363BF67,199,"8 km, West","8 km, west","The person walks 6 km north, then 8 km west, and finally 6 km south. 

The north and south walks cancel each other out, so the net north-south movement is 0 km.

The west walk remains, so the net west movement is 8 km.

The distance from the starting point is 8 km West.","the person walks 6 km north, then 8 km west, and finally 6 km south. the north and south walks cancel each other out, so the net north-south movement is 0 km. the west walk remains, so the net west movement is 8 km. the distance from the starting point is 8 km west",False,success,,2.357
Normalize-then-Solve,Ollama: llama3.1:8b (Q4_K_M),Direction_Sense,obfuscation,zero_shot,100,7981C4360038569B,200,West,west,North-East,north-east,False,success,,0.144
Normalize-then-Solve,Ollama: llama3.1:8b (Q4_K_M),Number_Series,obfuscation,zero_shot,51,A0F2412EB212A240,201,25,25,21 + 8 = 29,21 + 8 = 29,False,success,,0.377
Normalize-then-Solve,Ollama: llama3.1:8b (Q4_K_M),Number_Series,obfuscation,zero_shot,52,C9D76BEF7DD494C5,202,71,71,41,41,False,success,,0.152
Normalize-then-Solve,Ollama: llama3.1:8b (Q4_K_M),Number_Series,obfuscation,zero_shot,53,0585CD57C0F621B2,203,220,220,75,75,False,success,,0.185
Normalize-then-Solve,Ollama: llama3.1:8b (Q4_K_M),Number_Series,obfuscation,zero_shot,54,65AEF26A8934BA3E,204,37,37,123,123,False,success,,0.276
Normalize-then-Solve,Ollama: llama3.1:8b (Q4_K_M),Number_Series,obfuscation,zero_shot,55,982374A08894BA4D,205,397,397,"173
189",173 189,False,success,,0.356
Normalize-then-Solve,Ollama: llama3.1:8b (Q4_K_M),Number_Series,obfuscation,zero_shot,56,25B865259C303CCC,206,12,12,4,4,False,success,,0.132
Normalize-then-Solve,Ollama: llama3.1:8b (Q4_K_M),Number_Series,obfuscation,zero_shot,57,FB600BD857CE0B3F,207,300,300,7,7,False,success,,0.119
Normalize-then-Solve,Ollama: llama3.1:8b (Q4_K_M),Number_Series,obfuscation,zero_shot,58,29A409768F98AE94,208,130,130,5,5,False,success,,0.15
Normalize-then-Solve,Ollama: llama3.1:8b (Q4_K_M),Number_Series,obfuscation,zero_shot,59,C84EA1B8AFCC6781,209,397,397,"173
189",173 189,False,success,,0.251
Normalize-then-Solve,Ollama: llama3.1:8b (Q4_K_M),Number_Series,obfuscation,zero_shot,60,F4857CD98AE632FD,210,17,17,85,85,False,success,,0.146
Normalize-then-Solve,Ollama: llama3.1:8b (Q4_K_M),Number_Series,obfuscation,zero_shot,61,2020596782AC1619,211,227,227,5,5,False,success,,0.22
Normalize-then-Solve,Ollama: llama3.1:8b (Q4_K_M),Number_Series,obfuscation,zero_shot,62,331DBCC7B13DB148,212,524,524,3,3,False,success,,0.137
Normalize-then-Solve,Ollama: llama3.1:8b (Q4_K_M),Number_Series,obfuscation,zero_shot,63,15E02568FDE1510F,213,14,14,4,4,False,success,,0.239
Normalize-then-Solve,Ollama: llama3.1:8b (Q4_K_M),Number_Series,obfuscation,zero_shot,64,31CB5C5F89E1C729,214,162,162,9,9,False,success,,0.252
Normalize-then-Solve,Ollama: llama3.1:8b (Q4_K_M),Number_Series,obfuscation,zero_shot,65,F2755BE5BE39748D,215,38,38,34,34,False,success,,0.234
Normalize-then-Solve,Ollama: llama3.1:8b (Q4_K_M),Number_Series,obfuscation,zero_shot,66,02AA52D061B13F1A,216,99,99,435,435,False,success,,0.13
Normalize-then-Solve,Ollama: llama3.1:8b (Q4_K_M),Number_Series,obfuscation,zero_shot,67,2A784ABC0A61EE94,217,107,107,75,75,False,success,,0.116
Normalize-then-Solve,Ollama: llama3.1:8b (Q4_K_M),Number_Series,obfuscation,zero_shot,68,759B31870BEC722A,218,12,12,8,8,False,success,,0.273
Normalize-then-Solve,Ollama: llama3.1:8b (Q4_K_M),Number_Series,obfuscation,zero_shot,69,DFDD2AEDBF9B38AB,219,11052,11052,11058,11058,False,success,,0.266
Normalize-then-Solve,Ollama: llama3.1:8b (Q4_K_M),Number_Series,obfuscation,zero_shot,70,C3AD1210FBF7BAFF,220,910,910,5,5,False,success,,0.28
Normalize-then-Solve,Ollama: llama3.1:8b (Q4_K_M),Number_Series,obfuscation,zero_shot,71,CB3D06FDBAC0105F,221,16,16,16,16,True,success,,0.224
Normalize-then-Solve,Ollama: llama3.1:8b (Q4_K_M),Number_Series,obfuscation,zero_shot,72,FF8754C62BB36F1F,222,243,243,208 + 33 = 241,208 + 33 = 241,False,success,,0.433
Normalize-then-Solve,Ollama: llama3.1:8b (Q4_K_M),Number_Series,obfuscation,zero_shot,73,A0587C48E984C323,223,18000,18000,36000,36000,False,success,,0.174
Normalize-then-Solve,Ollama: llama3.1:8b (Q4_K_M),Number_Series,obfuscation,zero_shot,74,D8BFC66282258C86,224,18,18,7,7,False,success,,0.226
Normalize-then-Solve,Ollama: llama3.1:8b (Q4_K_M),Number_Series,obfuscation,zero_shot,75,BA2991E7171C8E9B,225,3944,3944,5,5,False,success,,0.307
Normalize-then-Solve,Ollama: llama3.1:8b (Q4_K_M),Number_Series,obfuscation,zero_shot,76,F9CB6CAA7F7BD14F,226,24,24,4,4,False,success,,0.23
Normalize-then-Solve,Ollama: llama3.1:8b (Q4_K_M),Number_Series,obfuscation,zero_shot,77,409317144A1B87B6,227,90,90,85,85,False,success,,0.31
Normalize-then-Solve,Ollama: llama3.1:8b (Q4_K_M),Number_Series,obfuscation,zero_shot,78,27597752C3E3130C,228,36,36,23,23,False,success,,0.198
Normalize-then-Solve,Ollama: llama3.1:8b (Q4_K_M),Number_Series,obfuscation,zero_shot,79,914E06968E93AFE0,229,158,158,7,7,False,success,,0.287
Normalize-then-Solve,Ollama: llama3.1:8b (Q4_K_M),Number_Series,obfuscation,zero_shot,80,D882B5E6BAFC67D8,230,131,131,118.5,118.5,False,success,,0.336
Normalize-then-Solve,Ollama: llama3.1:8b (Q4_K_M),Number_Series,obfuscation,zero_shot,81,269095347408DA76,231,25,25,75,75,False,success,,0.23
Normalize-then-Solve,Ollama: llama3.1:8b (Q4_K_M),Number_Series,obfuscation,zero_shot,82,9374223C6EEFB34E,232,190,190,69 + 1 = 70,69 + 1 = 70,False,success,,0.434
Normalize-then-Solve,Ollama: llama3.1:8b (Q4_K_M),Number_Series,obfuscation,zero_shot,83,A6CAA86A60556317,233,17,17,18,18,False,success,,0.207
Normalize-then-Solve,Ollama: llama3.1:8b (Q4_K_M),Number_Series,obfuscation,zero_shot,84,5C38D047812EF796,234,3944,3944,1189,1189,False,success,,0.25
Normalize-then-Solve,Ollama: llama3.1:8b (Q4_K_M),Number_Series,obfuscation,zero_shot,85,391B6D036BA2E8B7,235,594,594,400,400,False,success,,0.138
Normalize-then-Solve,Ollama: llama3.1:8b (Q4_K_M),Number_Series,obfuscation,zero_shot,86,156F09FC2FBCDAF9,236,228,228,5,5,False,success,,0.195
Normalize-then-Solve,Ollama: llama3.1:8b (Q4_K_M),Number_Series,obfuscation,zero_shot,87,A63A66844D90F3F4,237,582,582,7,7,False,success,,0.309
Normalize-then-Solve,Ollama: llama3.1:8b (Q4_K_M),Number_Series,obfuscation,zero_shot,88,F3777DC04B6114C9,238,4841,4841,8,8,False,success,,0.191
Normalize-then-Solve,Ollama: llama3.1:8b (Q4_K_M),Number_Series,obfuscation,zero_shot,89,035EA0B3E0DDC368,239,131,131,3.5,3.5,False,success,,0.284
Normalize-then-Solve,Ollama: llama3.1:8b (Q4_K_M),Number_Series,obfuscation,zero_shot,90,E6E63FDCF487BA8C,240,90,90,15,15,False,success,,0.139
Normalize-then-Solve,Ollama: llama3.1:8b (Q4_K_M),Number_Series,obfuscation,zero_shot,91,A82AF6CE818C5F8C,241,704,704,7,7,False,success,,0.203
Normalize-then-Solve,Ollama: llama3.1:8b (Q4_K_M),Number_Series,obfuscation,zero_shot,92,5BA0461FE6E24A36,242,30,30,7,7,False,success,,0.19
Normalize-then-Solve,Ollama: llama3.1:8b (Q4_K_M),Number_Series,obfuscation,zero_shot,93,E08927B8C6E0AA90,243,220,220,5,5,False,success,,0.255
Normalize-then-Solve,Ollama: llama3.1:8b (Q4_K_M),Number_Series,obfuscation,zero_shot,94,177A3B7664EE8C84,244,767 771,767 771,435,435,False,success,,0.229
Normalize-then-Solve,Ollama: llama3.1:8b (Q4_K_M),Number_Series,obfuscation,zero_shot,95,11DD02D0CAEF8EC6,245,9,9,342,342,False,success,,0.099
Normalize-then-Solve,Ollama: llama3.1:8b (Q4_K_M),Number_Series,obfuscation,zero_shot,96,10E562A00E5F7616,246,251.8,251.8,5,5,False,success,,0.25
Normalize-then-Solve,Ollama: llama3.1:8b (Q4_K_M),Number_Series,obfuscation,zero_shot,97,B66CBC94A1EBCD6C,247,441,441,225,225,False,success,,0.142
Normalize-then-Solve,Ollama: llama3.1:8b (Q4_K_M),Number_Series,obfuscation,zero_shot,98,05E7FEAC36C16B0E,248,24,24,23,23,False,success,,0.221
Normalize-then-Solve,Ollama: llama3.1:8b (Q4_K_M),Number_Series,obfuscation,zero_shot,99,980ED6E5BF8B0EA4,249,30,30,5,5,False,success,,0.105
Normalize-then-Solve,Ollama: llama3.1:8b (Q4_K_M),Number_Series,obfuscation,zero_shot,100,82EA829AF4056F8B,250,243,243,"c4ca4238a0b923820dcc509a6f75849b = 1
5 = 5
19 = 9
81 = 8
2a6f8c744cfa20f44cf5e3a761c4155b = 7",c4ca4238a0b923820dcc509a6f75849b = 1 5 = 5 19 = 9 81 = 8 2a6f8c744cfa20f44cf5e3a761c4155b = 7,False,success,,2.14
