sequence,condition,prompt_version,workers,limit_per_task,force,planned_units,pending_units,skipped_existing,complete_units_after_run,new_answered,new_parse_failure,new_no_consensus
1,zero_shot_control,v1,4,1,false,9,9,0,9,9,0,0
2,zero_shot_control,v1,4,1,true,9,9,0,9,9,0,0
3,zero_shot_control,v1,8,1,false,9,0,9,9,0,0,0
4,obf_to_obf_few_shot,v1,8,1,false,5,5,0,5,5,0,0
5,base_to_obf_paired_few_shot,v1,8,1,false,5,5,0,5,4,1,0
6,analogical_prompting,v1,8,1,false,5,5,0,5,4,1,0
7,normalize_then_solve,v1,8,1,false,5,5,0,5,4,1,0
8,structured_decomposition,v1,8,1,false,5,5,0,5,5,0,0
9,explicit_task_instructions,v1,8,1,false,4,4,0,4,4,0,0
10,chain_of_thought,v1,8,1,false,9,9,0,9,8,1,0
11,rereading_s2a,v1,8,1,false,4,4,0,4,4,0,0
12,self_consistency,v1,8,1,false,9,9,0,9,7,0,2
13,self_verification_cove,v1,8,1,false,9,9,0,9,8,1,0
14,zero_shot_control,v2,8,1,false,9,9,0,9,9,0,0
15,obf_to_obf_few_shot,v2,8,1,false,5,5,0,5,5,0,0
16,base_to_obf_paired_few_shot,v2,8,1,false,5,5,0,5,5,0,0
17,analogical_prompting,v2,8,1,false,5,5,0,5,5,0,0
18,normalize_then_solve,v2,8,1,false,5,5,0,5,5,0,0
19,structured_decomposition,v2,8,1,false,5,5,0,5,5,0,0
20,explicit_task_instructions,v2,8,1,false,4,4,0,4,4,0,0
21,chain_of_thought,v2,8,1,false,9,9,0,9,9,0,0
22,rereading_s2a,v2,8,1,false,4,4,0,4,4,0,0
23,self_consistency,v2,8,1,false,9,9,0,9,8,0,1
24,self_verification_cove,v2,8,1,false,9,9,0,9,9,0,0
25,zero_shot_control,v2,12,,false,135,126,9,135,126,0,0
26,obf_to_obf_few_shot,v2,12,,false,75,70,5,75,70,0,0
27,base_to_obf_paired_few_shot,v2,12,,false,75,70,5,75,70,0,0
28,analogical_prompting,v2,12,,false,75,70,5,75,70,0,0
29,normalize_then_solve,v2,12,,false,75,70,5,75,70,0,0
30,structured_decomposition,v2,12,,false,75,70,5,75,70,0,0
31,explicit_task_instructions,v2,12,,false,60,56,4,60,53,3,0
32,chain_of_thought,v2,12,,false,135,126,9,135,123,3,0
33,rereading_s2a,v2,12,,false,60,56,4,60,56,0,0
34,self_consistency,v2,12,,false,135,126,9,135,107,0,19
35,self_verification_cove,v2,12,,false,135,126,9,135,126,0,0
36,zero_shot_control,v2,8,,false,135,0,135,135,0,0,0
37,obf_to_obf_few_shot,v2,8,,false,75,0,75,75,0,0,0
38,base_to_obf_paired_few_shot,v2,8,,false,75,0,75,75,0,0,0
39,analogical_prompting,v2,8,,false,75,0,75,75,0,0,0
40,normalize_then_solve,v2,8,,false,75,0,75,75,0,0,0
41,structured_decomposition,v2,8,,false,75,0,75,75,0,0,0
42,explicit_task_instructions,v2,8,,false,60,0,60,60,0,0,0
43,chain_of_thought,v2,8,,false,135,0,135,135,0,0,0
44,rereading_s2a,v2,8,,false,60,0,60,60,0,0,0
45,self_consistency,v2,8,,false,135,0,135,135,0,0,0
46,self_verification_cove,v2,8,,false,135,0,135,135,0,0,0
47,self_consistency,v2,8,,false,135,0,135,135,0,0,0
48,self_verification_cove,v2,8,,false,135,0,135,135,0,0,0
