dataset,variant,setting,row_number,response_id,ground_truth,prediction,correct,error
FOL,obfuscation,zero_shot,51,605365A270FD52AB,false,true,False,
FOL,obfuscation,zero_shot,52,404832606BEEDC1E,false,true,False,
FOL,obfuscation,zero_shot,53,35D50601BB7F7AF5,true,true,True,
FOL,obfuscation,zero_shot,54,58994DF26E347328,false,false,True,
FOL,obfuscation,zero_shot,55,17D02905EDAC2313,true,true,True,
FOL,obfuscation,zero_shot,56,1B296263D54E3A82,false,false,True,
FOL,obfuscation,zero_shot,57,27584BC575A85FB0,false,false,True,
FOL,obfuscation,zero_shot,58,0578F0407A2E047E,false,false,True,
FOL,obfuscation,zero_shot,59,3233D1870DC87426,false,true,False,
FOL,obfuscation,zero_shot,60,948AC412B08B9FFC,false,false,True,
FOL,obfuscation,zero_shot,61,6D88351246C8A533,false,false,True,
FOL,obfuscation,zero_shot,62,F8CAAF8DD5F4229E,true,false,False,
FOL,obfuscation,zero_shot,63,CDADD2CCD7846009,true,true,True,
FOL,obfuscation,zero_shot,64,F955131DDA8F6003,false,false,True,
FOL,obfuscation,zero_shot,65,5A56DDEA19C1A8CB,false,true,False,
FOL,obfuscation,zero_shot,66,6ABF33FF4FBDB407,false,true,False,
FOL,obfuscation,zero_shot,67,C9842BE3D2654E72,true,true,True,
FOL,obfuscation,zero_shot,68,E34092DEF71114F0,false,true,False,
FOL,obfuscation,zero_shot,69,B0C09FF4B939D53D,false,true,False,
FOL,obfuscation,zero_shot,70,FF0424AED09E8838,true,true,True,
FOL,obfuscation,zero_shot,71,E34A52D1FBE4BC5C,false,false,True,
FOL,obfuscation,zero_shot,72,3CC61F8C53F71DC6,false,false,True,
FOL,obfuscation,zero_shot,73,38D31829646EC84E,false,false,True,
FOL,obfuscation,zero_shot,74,D9CCBB72FB7F6D75,false,true,False,
FOL,obfuscation,zero_shot,75,9C228AAA30177D1F,false,false,True,
FOL,obfuscation,zero_shot,76,78B2FD90FC5A9083,false,false,True,
FOL,obfuscation,zero_shot,77,80572B0B4017F74F,false,false,True,
FOL,obfuscation,zero_shot,78,AA2CC0E5CE81E90F,true,true,True,
FOL,obfuscation,zero_shot,79,E19B395EC4D7CE5B,true,true,True,
FOL,obfuscation,zero_shot,80,FE2080D5EEB9332C,true,true,True,
FOL,obfuscation,zero_shot,81,3DC6C74802EF9888,true,true,True,
FOL,obfuscation,zero_shot,82,8E49DDBDE3CAD54E,true,true,True,
FOL,obfuscation,zero_shot,83,2D97772776DB120D,false,false,True,
FOL,obfuscation,zero_shot,84,1896E2506E622439,true,true,True,
FOL,obfuscation,zero_shot,85,9D17EDB9B88B4B7A,true,true,True,
FOL,obfuscation,zero_shot,86,1081BABB01811048,true,true,True,
FOL,obfuscation,zero_shot,87,FE374FDA150C19A9,false,false,True,
FOL,obfuscation,zero_shot,88,565051FA90D515BA,false,false,True,
FOL,obfuscation,zero_shot,89,6115199E894858C5,false,false,True,
FOL,obfuscation,zero_shot,90,5CEB7BA5ADF927A0,true,false,False,
FOL,obfuscation,zero_shot,91,CF13FC0067D4BDA3,false,true,False,
FOL,obfuscation,zero_shot,92,314BB08CE029937A,true,true,True,
FOL,obfuscation,zero_shot,93,1C5355167C656261,true,true,True,
FOL,obfuscation,zero_shot,94,460AE8CA8A25D4A7,false,true,False,
FOL,obfuscation,zero_shot,95,54A1C71BDB8E210C,true,false,False,
FOL,obfuscation,zero_shot,96,003AF192C5205303,false,false,True,
FOL,obfuscation,zero_shot,97,042DF9325759B97A,false,false,True,
FOL,obfuscation,zero_shot,98,E884ED4DAF63DD3F,false,false,True,
FOL,obfuscation,zero_shot,99,8E326766CF921B38,false,true,False,
FOL,obfuscation,zero_shot,100,8B9208626EC082BF,false,false,True,
Blood_Relation,obfuscation_l1,zero_shot,51,54EDAB3B59174D03,grandmother,grandfather,False,
Blood_Relation,obfuscation_l1,zero_shot,52,D8580A4681A30938,sister,cousin,False,
Blood_Relation,obfuscation_l1,zero_shot,53,73CFC6AB22B7E409,granddaughter,granddaughter,True,
Blood_Relation,obfuscation_l1,zero_shot,54,404D09F484CDFFA9,grandson,grandson,True,
Blood_Relation,obfuscation_l1,zero_shot,55,621CC78242A4B7BE,mother,mother,True,
Blood_Relation,obfuscation_l1,zero_shot,56,0A281D8F73FB691C,brother-in-law,father,False,
Blood_Relation,obfuscation_l1,zero_shot,57,3CD5D003DF91468E,great-grandfather,grandfather,False,
Blood_Relation,obfuscation_l1,zero_shot,58,C497BE3749968F8D,great-grandfather,uncle,False,
Blood_Relation,obfuscation_l1,zero_shot,59,0655A40CD2286CD8,cousin,cousin,True,
Blood_Relation,obfuscation_l1,zero_shot,60,B01C0614D9580AEC,cousin,uncle,False,
Blood_Relation,obfuscation_l1,zero_shot,61,2318BC377B47A52C,sister,sister,True,
Blood_Relation,obfuscation_l1,zero_shot,62,9973871BD774A477,wife,sister,False,
Blood_Relation,obfuscation_l1,zero_shot,63,71F794209321297F,brother,father,False,
Blood_Relation,obfuscation_l1,zero_shot,64,1459EB0C33645ED3,granddaughter,granddaughter,True,
Blood_Relation,obfuscation_l1,zero_shot,65,A517C5DC2A21DB7F,aunt,aunt,True,
Blood_Relation,obfuscation_l1,zero_shot,66,82A5E1CB52005E84,aunt,aunt,True,
Blood_Relation,obfuscation_l1,zero_shot,67,B0922E6A5849A2EB,brother,brother,True,
Blood_Relation,obfuscation_l1,zero_shot,68,3B3A42CC58923F61,brother,father,False,
Blood_Relation,obfuscation_l1,zero_shot,69,DFB12910A50D80C0,son,brother,False,
Blood_Relation,obfuscation_l1,zero_shot,70,0FE305552324784A,father,father,True,
Blood_Relation,obfuscation_l1,zero_shot,71,55168869431D363A,great-grandfather,brother,False,
Blood_Relation,obfuscation_l1,zero_shot,72,5BAA01E8D95F724E,grandfather,brother,False,
Blood_Relation,obfuscation_l1,zero_shot,73,B480729974AD9100,brother,uncle,False,
Blood_Relation,obfuscation_l1,zero_shot,74,AA526797E8F46331,brother,brother,True,
Blood_Relation,obfuscation_l1,zero_shot,75,128C39F38C88FA4D,son,son,True,
Blood_Relation,obfuscation_l1,zero_shot,76,61EDEF0A27F9F7D8,brother,s,False,
Blood_Relation,obfuscation_l1,zero_shot,77,1727307E896A90D4,grandson,grandson,True,
Blood_Relation,obfuscation_l1,zero_shot,78,9F62B4BBE2562FAD,great-granddaughter,brother,False,
Blood_Relation,obfuscation_l1,zero_shot,79,F5B16A07EB64F10B,3,3,True,
Blood_Relation,obfuscation_l1,zero_shot,80,336D4BC84D66514F,aunt,aunt,True,
Blood_Relation,obfuscation_l1,zero_shot,81,0700F86A35410C13,mother,mother,True,
Blood_Relation,obfuscation_l1,zero_shot,82,B1E6ED2959C86957,niece,nephew,False,
Blood_Relation,obfuscation_l1,zero_shot,83,EADDF97CAC49C102,brother-in-law,brother,False,
Blood_Relation,obfuscation_l1,zero_shot,84,9D917F4498D2F8FA,grandson,son,False,
Blood_Relation,obfuscation_l1,zero_shot,85,46152E15B04713E9,1,2,False,
Blood_Relation,obfuscation_l1,zero_shot,86,FBEC53CD1F156B69,brother,himself,False,
Blood_Relation,obfuscation_l1,zero_shot,87,152619F2086C2D27,granddaughter,granddaughter,True,
Blood_Relation,obfuscation_l1,zero_shot,88,A6A6069D23DF125A,granddaughter,granddaughter,True,
Blood_Relation,obfuscation_l1,zero_shot,89,A8EFBFED6FD76B8A,son,son,True,
Blood_Relation,obfuscation_l1,zero_shot,90,C2E9E4C6B519B440,brother,brother,True,
Blood_Relation,obfuscation_l1,zero_shot,91,8AC819C8FEEEC2FB,father,brother,False,
Blood_Relation,obfuscation_l1,zero_shot,92,8D87F384E78B20EE,grandmother,granddaughter,False,
Blood_Relation,obfuscation_l1,zero_shot,93,8361B0E22FDE7205,sister,sister,True,
Blood_Relation,obfuscation_l1,zero_shot,94,883760E586209DE3,granddaughter,granddaughter,True,
Blood_Relation,obfuscation_l1,zero_shot,95,46850AE180A3C198,daughter-in-law,mother,False,
Blood_Relation,obfuscation_l1,zero_shot,96,2EDA62090C90D27C,3,3,True,
Blood_Relation,obfuscation_l1,zero_shot,97,5785A7F93DD0BBC4,father,father,True,
Blood_Relation,obfuscation_l1,zero_shot,98,DB058F72E47FFEE4,3,3,True,
Blood_Relation,obfuscation_l1,zero_shot,99,86099CE1BA0382B7,grandson,brother,False,
Blood_Relation,obfuscation_l1,zero_shot,100,25404196ECF57259,daughter,sister,False,
Blood_Relation,obfuscation_l2,zero_shot,101,A26577C5DE74650D,father,brother,False,
Blood_Relation,obfuscation_l2,zero_shot,102,07EF5591616A5314,daughter,sister,False,
Blood_Relation,obfuscation_l2,zero_shot,103,1062F0B4A21FF41B,brother,brother,True,
Blood_Relation,obfuscation_l2,zero_shot,104,777AD611C46295A3,father,father,True,
Blood_Relation,obfuscation_l2,zero_shot,105,D6177347F2700F59,brother,brother,True,
Blood_Relation,obfuscation_l2,zero_shot,106,3A3D26B605D4ABF7,aunt,cousin,False,
Blood_Relation,obfuscation_l2,zero_shot,107,CBA415997025E0D8,brother,brother,True,
Blood_Relation,obfuscation_l2,zero_shot,108,13CE491CFD6EE16B,mother,mother,True,
Blood_Relation,obfuscation_l2,zero_shot,109,DFC44CC067EE488E,aunt,mother,False,
Blood_Relation,obfuscation_l2,zero_shot,110,8AAE0F62510F4312,daughter,daughter,True,
Blood_Relation,obfuscation_l2,zero_shot,111,998E91F5697BD005,sister-in-law,sister,False,
Blood_Relation,obfuscation_l2,zero_shot,112,FE46E896805319E3,mother,mother,True,
Blood_Relation,obfuscation_l2,zero_shot,113,F87B39132B82ADB1,wife,sister,False,
Blood_Relation,obfuscation_l2,zero_shot,114,2BB04EA9B88E49DD,aunt,cousin,False,
Blood_Relation,obfuscation_l2,zero_shot,115,A1CA646EF6178994,brother-in-law,brother,False,
Blood_Relation,obfuscation_l2,zero_shot,116,F95684F2EAE2A33C,2,1,False,
Blood_Relation,obfuscation_l2,zero_shot,117,FF1E0BCAE635AEFB,brother,brother,True,
Blood_Relation,obfuscation_l2,zero_shot,118,1B5272F471A3664E,brother,s,False,
Blood_Relation,obfuscation_l2,zero_shot,119,112766228F381CE7,wife,brother,False,
Blood_Relation,obfuscation_l2,zero_shot,120,FE54A0DF16D6A308,grandfather,grandfather,True,
Blood_Relation,obfuscation_l2,zero_shot,121,76EDB1DAC5163A34,sister,sister,True,
Blood_Relation,obfuscation_l2,zero_shot,122,3D7E41FCBFBB7537,brother,sister,False,
Blood_Relation,obfuscation_l2,zero_shot,123,DEFCD00CFEAAE08D,cousin,a is c's granddaughter,False,
Blood_Relation,obfuscation_l2,zero_shot,124,DACDDD83A29CFC3D,husband,husband,True,
Blood_Relation,obfuscation_l2,zero_shot,125,4C1F8DA490017CEF,brother-in-law,father,False,
Blood_Relation,obfuscation_l2,zero_shot,126,BB9A471699128AD7,daughter-in-law,daughter-in-law,True,
Blood_Relation,obfuscation_l2,zero_shot,127,AE3F0BCFD9AF4AAA,brother,brother,True,
Blood_Relation,obfuscation_l2,zero_shot,128,C48EF0079CD176D1,mother,mother,True,
Blood_Relation,obfuscation_l2,zero_shot,129,3BF7182877B5F7EE,grandson,grandson,True,
Blood_Relation,obfuscation_l2,zero_shot,130,4F9FD182B2EEDCE6,father,father,True,
Blood_Relation,obfuscation_l2,zero_shot,131,4124AD24F8A48FE9,grandmother,sister,False,
Blood_Relation,obfuscation_l2,zero_shot,132,6035647664598B51,aunt,aunt,True,
Blood_Relation,obfuscation_l2,zero_shot,133,69719BED85C5A1C9,grandson,grandson,True,
Blood_Relation,obfuscation_l2,zero_shot,134,943861E4E4262B16,mother-in-law,mother,False,
Blood_Relation,obfuscation_l2,zero_shot,135,80824AE994D48E84,sister-in-law,mother,False,
Blood_Relation,obfuscation_l2,zero_shot,136,6444CCDDD2633D7A,aunt,sister,False,
Blood_Relation,obfuscation_l2,zero_shot,137,19D38506BD72F780,aunt,"j is the sister of t, and t is married to d. d is the grandfather's only son of r, which means d is r's son. since t is d's wife, t is r's daughter-in-law. j is t's sister, so j is also r's daughter-in-law",False,
Blood_Relation,obfuscation_l2,zero_shot,138,FBF382B2670B26CC,uncle,son,False,
Blood_Relation,obfuscation_l2,zero_shot,139,BA8B35C41D532319,daughter-in-law,granddaughter,False,
Blood_Relation,obfuscation_l2,zero_shot,140,CFF4E0ECA0153B4E,mother,grandmother,False,
Blood_Relation,obfuscation_l2,zero_shot,141,20F96C9DD86F7C46,uncle,father,False,
Blood_Relation,obfuscation_l2,zero_shot,142,DA3E3C28F842A027,aunt,sister,False,
Blood_Relation,obfuscation_l2,zero_shot,143,A3F83B842D0A73F9,grandson,son,False,
Blood_Relation,obfuscation_l2,zero_shot,144,009A56365ECACA43,brother,brother,True,
Blood_Relation,obfuscation_l2,zero_shot,145,D0035EE0FD4939F0,son,brother,False,
Blood_Relation,obfuscation_l2,zero_shot,146,3A8FFEE3A6F2C622,father,father,True,
Blood_Relation,obfuscation_l2,zero_shot,147,FF602E199A1DCCD0,mother,brother,False,
Blood_Relation,obfuscation_l2,zero_shot,148,416D7F2634690FA9,sister,father,False,
Blood_Relation,obfuscation_l2,zero_shot,149,84B51353FC3437B7,mother,aunt,False,
Blood_Relation,obfuscation_l2,zero_shot,150,C74F6A1FD57D0FEB,2,1,False,
Direction_Sense,obfuscation,zero_shot,51,88A2281299CB4699,at starting point,south,False,
Direction_Sense,obfuscation,zero_shot,52,85BC55487EF7E2E1,7.07 km north-east,13 km north-east,False,
Direction_Sense,obfuscation,zero_shot,53,818FA87D2BFFAF59,west,south,False,
Direction_Sense,obfuscation,zero_shot,54,A2ACD59D508FDEBA,at starting point,at the starting point,False,
Direction_Sense,obfuscation,zero_shot,55,001F41419FFF5F30,north-west,south-west,False,
Direction_Sense,obfuscation,zero_shot,56,CAB44E2F274B8196,4.85 km,3.606 km,False,
Direction_Sense,obfuscation,zero_shot,57,E196C3A3DA461B07,north,west,False,
Direction_Sense,obfuscation,zero_shot,58,75013926B04B7F20,at starting point,south,False,
Direction_Sense,obfuscation,zero_shot,59,AE80F25645247FDE,8.72 km,4 km,False,
Direction_Sense,obfuscation,zero_shot,60,228A4289FD902526,6 km west,6 km west,True,
Direction_Sense,obfuscation,zero_shot,61,C571AEEC8935B8C1,west,south,False,
Direction_Sense,obfuscation,zero_shot,62,A11A683E421AB417,"9.49 m, south-east",12 m south,False,
Direction_Sense,obfuscation,zero_shot,63,55331DE1274FE958,10.91 km,6.40 km,False,
Direction_Sense,obfuscation,zero_shot,64,D8D0ECF1A79F9319,4.64 km,√13 km,False,
Direction_Sense,obfuscation,zero_shot,65,9BC3B26765CFFA96,at starting point,south,False,
Direction_Sense,obfuscation,zero_shot,66,47E5B03090244470,5 km north-east,5 km north-east,True,
Direction_Sense,obfuscation,zero_shot,67,077B0CF1D186E8C3,at starting point,at the starting point,False,
Direction_Sense,obfuscation,zero_shot,68,ABB0AADEB10A6D47,"0 m, at starting point",0 m,False,
Direction_Sense,obfuscation,zero_shot,69,D0C6D9A687E69300,"0 m, at starting point",0 meters,False,
Direction_Sense,obfuscation,zero_shot,70,5F597953A85B2886,"16.28 km, north-west",3 km north,False,
Direction_Sense,obfuscation,zero_shot,71,0ECD877D626DD3E4,4.64 km,3.606 km,False,
Direction_Sense,obfuscation,zero_shot,72,9FE58D25719C7BE9,"0 m, at starting point",0 m,False,
Direction_Sense,obfuscation,zero_shot,73,5E083BF5D1A59676,at starting point,west,False,
Direction_Sense,obfuscation,zero_shot,74,B84F4A235B76761C,east,west,False,
Direction_Sense,obfuscation,zero_shot,75,E83B948D2E623FFD,west,west,True,
Direction_Sense,obfuscation,zero_shot,76,A4B4A8B02FCF14DD,"6 km, west",6 km west,False,
Direction_Sense,obfuscation,zero_shot,77,AEF6222FAEFFF0D6,north,west,False,
Direction_Sense,obfuscation,zero_shot,78,5027E0DCEF12B051,south,south,True,
Direction_Sense,obfuscation,zero_shot,79,573A88DA0445F2F2,at starting point,10 meters west,False,
Direction_Sense,obfuscation,zero_shot,80,A651A86E6E7092F8,80 meters west,50 m,False,
Direction_Sense,obfuscation,zero_shot,81,DB9C033AF704B6DF,0 meters,0 m,False,
Direction_Sense,obfuscation,zero_shot,82,08367F8B728803C4,10.91 km,11.18 km,False,
Direction_Sense,obfuscation,zero_shot,83,95A218ED49654954,"3 km, west",2 km west,False,
Direction_Sense,obfuscation,zero_shot,84,BEEDBDA908B1394A,"10.00 km, north-east",10 km north-east,False,
Direction_Sense,obfuscation,zero_shot,85,857E8A8E00FA630A,"11.66 km, north-east",11.66 km north-east,False,
Direction_Sense,obfuscation,zero_shot,86,F93B903CC9909671,at starting point,west,False,
Direction_Sense,obfuscation,zero_shot,87,384A1C7803AF12F4,south,north,False,
Direction_Sense,obfuscation,zero_shot,88,7C3BEA9D4D477EBC,14 m,13 m,False,
Direction_Sense,obfuscation,zero_shot,89,CE66B313ACC10919,14.14 km north-east,15 km north,False,
Direction_Sense,obfuscation,zero_shot,90,DC78C34287314210,east,south,False,
Direction_Sense,obfuscation,zero_shot,91,9E6030FD768A4F5A,40 m,10 m,False,
Direction_Sense,obfuscation,zero_shot,92,8D30C0DE64158A8C,"7.81 km, north-east",7.81 km north-east,False,
Direction_Sense,obfuscation,zero_shot,93,AAAF1588DCA5C5FE,north-west,10 m west,False,
Direction_Sense,obfuscation,zero_shot,94,435D27645987CE18,"0 m, at starting point",0 meters,False,
Direction_Sense,obfuscation,zero_shot,95,D576DFE6D22153EC,"7.07 km, north-east",11 km east,False,
Direction_Sense,obfuscation,zero_shot,96,EA3B05AB443E6F31,5.00 km,5 km,False,
Direction_Sense,obfuscation,zero_shot,97,D9884A861F2EA06C,"5.00 km, west",5 km west,False,
Direction_Sense,obfuscation,zero_shot,98,DE064F7BF4A3D371,4.64 km,3.606 km,False,
Direction_Sense,obfuscation,zero_shot,99,36266196D363BF67,"8 km, west",8 km,False,
Direction_Sense,obfuscation,zero_shot,100,7981C4360038569B,west,south,False,
Number_Series,obfuscation,zero_shot,51,A0F2412EB212A240,25,25,True,
Number_Series,obfuscation,zero_shot,52,C9D76BEF7DD494C5,71,109,False,
Number_Series,obfuscation,zero_shot,53,0585CD57C0F621B2,220,238,False,
Number_Series,obfuscation,zero_shot,54,65AEF26A8934BA3E,37,1,False,
Number_Series,obfuscation,zero_shot,55,982374A08894BA4D,397,385,False,
Number_Series,obfuscation,zero_shot,56,25B865259C303CCC,12,1,False,
Number_Series,obfuscation,zero_shot,57,FB600BD857CE0B3F,300,108,False,
Number_Series,obfuscation,zero_shot,58,29A409768F98AE94,130,155,False,
Number_Series,obfuscation,zero_shot,59,C84EA1B8AFCC6781,397,197,False,
Number_Series,obfuscation,zero_shot,60,F4857CD98AE632FD,17,1,False,
Number_Series,obfuscation,zero_shot,61,2020596782AC1619,227,100,False,
Number_Series,obfuscation,zero_shot,62,331DBCC7B13DB148,524,135,False,
Number_Series,obfuscation,zero_shot,63,15E02568FDE1510F,14,148,False,
Number_Series,obfuscation,zero_shot,64,31CB5C5F89E1C729,162,162,True,
Number_Series,obfuscation,zero_shot,65,F2755BE5BE39748D,38,48,False,
Number_Series,obfuscation,zero_shot,66,02AA52D061B13F1A,99,13,False,
Number_Series,obfuscation,zero_shot,67,2A784ABC0A61EE94,107,5,False,
Number_Series,obfuscation,zero_shot,68,759B31870BEC722A,12,12,True,
Number_Series,obfuscation,zero_shot,69,DFDD2AEDBF9B38AB,11052,11050,False,
Number_Series,obfuscation,zero_shot,70,C3AD1210FBF7BAFF,910,1,False,
Number_Series,obfuscation,zero_shot,71,CB3D06FDBAC0105F,16,18,False,
Number_Series,obfuscation,zero_shot,72,FF8754C62BB36F1F,243,243,True,
Number_Series,obfuscation,zero_shot,73,A0587C48E984C323,18000,21600,False,
Number_Series,obfuscation,zero_shot,74,D8BFC66282258C86,18,43,False,
Number_Series,obfuscation,zero_shot,75,BA2991E7171C8E9B,3944,10,False,
Number_Series,obfuscation,zero_shot,76,F9CB6CAA7F7BD14F,24,41,False,
Number_Series,obfuscation,zero_shot,77,409317144A1B87B6,90,67,False,
Number_Series,obfuscation,zero_shot,78,27597752C3E3130C,36,36,True,
Number_Series,obfuscation,zero_shot,79,914E06968E93AFE0,158,159,False,
Number_Series,obfuscation,zero_shot,80,D882B5E6BAFC67D8,131,131,True,
Number_Series,obfuscation,zero_shot,81,269095347408DA76,25,25,True,
Number_Series,obfuscation,zero_shot,82,9374223C6EEFB34E,190,272,False,
Number_Series,obfuscation,zero_shot,83,A6CAA86A60556317,17,1,False,
Number_Series,obfuscation,zero_shot,84,5C38D047812EF796,3944,1578,False,
Number_Series,obfuscation,zero_shot,85,391B6D036BA2E8B7,594,612,False,
Number_Series,obfuscation,zero_shot,86,156F09FC2FBCDAF9,228,1,False,
Number_Series,obfuscation,zero_shot,87,A63A66844D90F3F4,582,5,False,
Number_Series,obfuscation,zero_shot,88,F3777DC04B6114C9,4841,1,False,
Number_Series,obfuscation,zero_shot,89,035EA0B3E0DDC368,131,137.5,False,
Number_Series,obfuscation,zero_shot,90,E6E63FDCF487BA8C,90,67,False,
Number_Series,obfuscation,zero_shot,91,A82AF6CE818C5F8C,704,172,False,
Number_Series,obfuscation,zero_shot,92,5BA0461FE6E24A36,30,40,False,
Number_Series,obfuscation,zero_shot,93,E08927B8C6E0AA90,220,173,False,
Number_Series,obfuscation,zero_shot,94,177A3B7664EE8C84,767 771,532,False,
Number_Series,obfuscation,zero_shot,95,11DD02D0CAEF8EC6,9,45,False,
Number_Series,obfuscation,zero_shot,96,10E562A00E5F7616,251.8,100,False,
Number_Series,obfuscation,zero_shot,97,B66CBC94A1EBCD6C,441,400,False,
Number_Series,obfuscation,zero_shot,98,05E7FEAC36C16B0E,24,24,True,
Number_Series,obfuscation,zero_shot,99,980ED6E5BF8B0EA4,30,30,True,
Number_Series,obfuscation,zero_shot,100,82EA829AF4056F8B,243,1,False,
