condition,task,variant,base_source_condition,base_correct,base_total,base_accuracy_pct,obfuscated_correct,obfuscated_total,obfuscated_accuracy_pct,signed_base_minus_obf_gap_pp,absolute_gap_pp,relative_obfuscation_change_pct
zero_shot_control,obfus_fol,obfuscation,zero_shot_control,11,15,73.3333,5,15,33.3333,40.0,40.0,-54.5455
zero_shot_control,obfus_blood_relation,obfuscation_l1,zero_shot_control,9,15,60.0,8,15,53.3333,6.6667,6.6667,-11.1112
zero_shot_control,obfus_blood_relation,obfuscation_l2,zero_shot_control,9,15,60.0,6,15,40.0,20.0,20.0,-33.3333
zero_shot_control,obfus_number_series,obfuscation,zero_shot_control,11,15,73.3333,2,15,13.3333,60.0,60.0,-81.8182
zero_shot_control,obfus_direction_sense,obfuscation,zero_shot_control,6,15,40.0,4,15,26.6667,13.3333,13.3333,-33.3333
obf_to_obf_few_shot,obfus_fol,obfuscation,zero_shot_control,11,15,73.3333,10,15,66.6667,6.6666,6.6666,-9.0908
obf_to_obf_few_shot,obfus_blood_relation,obfuscation_l1,zero_shot_control,9,15,60.0,5,15,33.3333,26.6667,26.6667,-44.4445
obf_to_obf_few_shot,obfus_blood_relation,obfuscation_l2,zero_shot_control,9,15,60.0,5,15,33.3333,26.6667,26.6667,-44.4445
obf_to_obf_few_shot,obfus_number_series,obfuscation,zero_shot_control,11,15,73.3333,1,15,6.6667,66.6666,66.6666,-90.909
obf_to_obf_few_shot,obfus_direction_sense,obfuscation,zero_shot_control,6,15,40.0,5,15,33.3333,6.6667,6.6667,-16.6667
base_to_obf_paired_few_shot,obfus_fol,obfuscation,zero_shot_control,11,15,73.3333,10,15,66.6667,6.6666,6.6666,-9.0908
base_to_obf_paired_few_shot,obfus_blood_relation,obfuscation_l1,zero_shot_control,9,15,60.0,6,15,40.0,20.0,20.0,-33.3333
base_to_obf_paired_few_shot,obfus_blood_relation,obfuscation_l2,zero_shot_control,9,15,60.0,4,15,26.6667,33.3333,33.3333,-55.5555
base_to_obf_paired_few_shot,obfus_number_series,obfuscation,zero_shot_control,11,15,73.3333,1,15,6.6667,66.6666,66.6666,-90.909
base_to_obf_paired_few_shot,obfus_direction_sense,obfuscation,zero_shot_control,6,15,40.0,5,15,33.3333,6.6667,6.6667,-16.6667
analogical_prompting,obfus_fol,obfuscation,zero_shot_control,11,15,73.3333,6,15,40.0,33.3333,33.3333,-45.4545
analogical_prompting,obfus_blood_relation,obfuscation_l1,zero_shot_control,9,15,60.0,9,15,60.0,0.0,0.0,0.0
analogical_prompting,obfus_blood_relation,obfuscation_l2,zero_shot_control,9,15,60.0,6,15,40.0,20.0,20.0,-33.3333
analogical_prompting,obfus_number_series,obfuscation,zero_shot_control,11,15,73.3333,3,15,20.0,53.3333,53.3333,-72.7273
analogical_prompting,obfus_direction_sense,obfuscation,zero_shot_control,6,15,40.0,6,15,40.0,0.0,0.0,0.0
normalize_then_solve,obfus_fol,obfuscation,normalize_then_solve,12,15,80.0,6,15,40.0,40.0,40.0,-50.0
normalize_then_solve,obfus_blood_relation,obfuscation_l1,normalize_then_solve,10,15,66.6667,7,15,46.6667,20.0,20.0,-30.0
normalize_then_solve,obfus_blood_relation,obfuscation_l2,normalize_then_solve,10,15,66.6667,6,15,40.0,26.6667,26.6667,-40.0
structured_decomposition,obfus_blood_relation,obfuscation_l1,structured_decomposition,10,15,66.6667,9,15,60.0,6.6667,6.6667,-10.0
structured_decomposition,obfus_blood_relation,obfuscation_l2,structured_decomposition,10,15,66.6667,6,15,40.0,26.6667,26.6667,-40.0
structured_decomposition,obfus_direction_sense,obfuscation,structured_decomposition,8,15,53.3333,8,15,53.3333,0.0,0.0,0.0
explicit_task_instructions,obfus_number_series,obfuscation,explicit_task_instructions,13,15,86.6667,5,15,33.3333,53.3334,53.3334,-61.5385
explicit_task_instructions,obfus_direction_sense,obfuscation,explicit_task_instructions,8,15,53.3333,9,15,60.0,-6.6667,6.6667,12.5001
chain_of_thought,obfus_fol,obfuscation,chain_of_thought,12,15,80.0,9,15,60.0,20.0,20.0,-25.0
chain_of_thought,obfus_blood_relation,obfuscation_l1,chain_of_thought,10,15,66.6667,9,15,60.0,6.6667,6.6667,-10.0
chain_of_thought,obfus_blood_relation,obfuscation_l2,chain_of_thought,10,15,66.6667,4,15,26.6667,40.0,40.0,-60.0
chain_of_thought,obfus_number_series,obfuscation,chain_of_thought,12,15,80.0,4,15,26.6667,53.3333,53.3333,-66.6666
chain_of_thought,obfus_direction_sense,obfuscation,chain_of_thought,7,15,46.6667,7,15,46.6667,0.0,0.0,0.0
rereading_s2a,obfus_fol,obfuscation,rereading_s2a,13,15,86.6667,7,15,46.6667,40.0,40.0,-46.1538
rereading_s2a,obfus_blood_relation,obfuscation_l2,rereading_s2a,11,15,73.3333,6,15,40.0,33.3333,33.3333,-45.4545
self_consistency,obfus_fol,obfuscation,self_consistency,13,15,86.6667,8,15,53.3333,33.3334,33.3334,-38.4616
self_consistency,obfus_blood_relation,obfuscation_l1,self_consistency,10,15,66.6667,9,15,60.0,6.6667,6.6667,-10.0
self_consistency,obfus_blood_relation,obfuscation_l2,self_consistency,10,15,66.6667,6,15,40.0,26.6667,26.6667,-40.0
self_consistency,obfus_number_series,obfuscation,self_consistency,12,15,80.0,4,15,26.6667,53.3333,53.3333,-66.6666
self_consistency,obfus_direction_sense,obfuscation,self_consistency,11,15,73.3333,11,15,73.3333,0.0,0.0,0.0
self_verification_cove,obfus_fol,obfuscation,self_verification_cove,13,15,86.6667,7,15,46.6667,40.0,40.0,-46.1538
self_verification_cove,obfus_blood_relation,obfuscation_l1,self_verification_cove,11,15,73.3333,7,15,46.6667,26.6666,26.6666,-36.3636
self_verification_cove,obfus_blood_relation,obfuscation_l2,self_verification_cove,11,15,73.3333,6,15,40.0,33.3333,33.3333,-45.4545
self_verification_cove,obfus_number_series,obfuscation,self_verification_cove,12,15,80.0,1,15,6.6667,73.3333,73.3333,-91.6666
self_verification_cove,obfus_direction_sense,obfuscation,self_verification_cove,8,15,53.3333,8,15,53.3333,0.0,0.0,0.0
