condition,task,variant,base_source_condition,paired_total,both_correct,base_only_correct,obfuscated_only_correct,both_wrong,base_correct_total,paired_retention_pct
zero_shot_control,obfus_fol,obfuscation,zero_shot_control,15,5,6,0,4,11,45.4545
zero_shot_control,obfus_blood_relation,obfuscation_l1,zero_shot_control,15,6,3,2,4,9,66.6667
zero_shot_control,obfus_blood_relation,obfuscation_l2,zero_shot_control,15,5,4,1,5,9,55.5556
zero_shot_control,obfus_number_series,obfuscation,zero_shot_control,15,2,9,0,4,11,18.1818
zero_shot_control,obfus_direction_sense,obfuscation,zero_shot_control,15,3,3,1,8,6,50.0
obf_to_obf_few_shot,obfus_fol,obfuscation,zero_shot_control,15,7,4,3,1,11,63.6364
obf_to_obf_few_shot,obfus_blood_relation,obfuscation_l1,zero_shot_control,15,4,5,1,5,9,44.4444
obf_to_obf_few_shot,obfus_blood_relation,obfuscation_l2,zero_shot_control,15,4,5,1,5,9,44.4444
obf_to_obf_few_shot,obfus_number_series,obfuscation,zero_shot_control,15,1,10,0,4,11,9.0909
obf_to_obf_few_shot,obfus_direction_sense,obfuscation,zero_shot_control,15,4,2,1,8,6,66.6667
base_to_obf_paired_few_shot,obfus_fol,obfuscation,zero_shot_control,15,7,4,3,1,11,63.6364
base_to_obf_paired_few_shot,obfus_blood_relation,obfuscation_l1,zero_shot_control,15,5,4,1,5,9,55.5556
base_to_obf_paired_few_shot,obfus_blood_relation,obfuscation_l2,zero_shot_control,15,4,5,0,6,9,44.4444
base_to_obf_paired_few_shot,obfus_number_series,obfuscation,zero_shot_control,15,1,10,0,4,11,9.0909
base_to_obf_paired_few_shot,obfus_direction_sense,obfuscation,zero_shot_control,15,4,2,1,8,6,66.6667
analogical_prompting,obfus_fol,obfuscation,zero_shot_control,15,5,6,1,3,11,45.4545
analogical_prompting,obfus_blood_relation,obfuscation_l1,zero_shot_control,15,7,2,2,4,9,77.7778
analogical_prompting,obfus_blood_relation,obfuscation_l2,zero_shot_control,15,5,4,1,5,9,55.5556
analogical_prompting,obfus_number_series,obfuscation,zero_shot_control,15,2,9,1,3,11,18.1818
analogical_prompting,obfus_direction_sense,obfuscation,zero_shot_control,15,3,3,3,6,6,50.0
normalize_then_solve,obfus_fol,obfuscation,normalize_then_solve,15,5,7,1,2,12,41.6667
normalize_then_solve,obfus_blood_relation,obfuscation_l1,normalize_then_solve,15,7,3,0,5,10,70.0
normalize_then_solve,obfus_blood_relation,obfuscation_l2,normalize_then_solve,15,5,5,1,4,10,50.0
structured_decomposition,obfus_blood_relation,obfuscation_l1,structured_decomposition,15,8,2,1,4,10,80.0
structured_decomposition,obfus_blood_relation,obfuscation_l2,structured_decomposition,15,5,5,1,4,10,50.0
structured_decomposition,obfus_direction_sense,obfuscation,structured_decomposition,15,7,1,1,6,8,87.5
explicit_task_instructions,obfus_number_series,obfuscation,explicit_task_instructions,15,5,8,0,2,13,38.4615
explicit_task_instructions,obfus_direction_sense,obfuscation,explicit_task_instructions,15,8,0,1,6,8,100.0
chain_of_thought,obfus_fol,obfuscation,chain_of_thought,15,9,3,0,3,12,75.0
chain_of_thought,obfus_blood_relation,obfuscation_l1,chain_of_thought,15,8,2,1,4,10,80.0
chain_of_thought,obfus_blood_relation,obfuscation_l2,chain_of_thought,15,3,7,1,4,10,30.0
chain_of_thought,obfus_number_series,obfuscation,chain_of_thought,15,4,8,0,3,12,33.3333
chain_of_thought,obfus_direction_sense,obfuscation,chain_of_thought,15,6,1,1,7,7,85.7143
rereading_s2a,obfus_fol,obfuscation,rereading_s2a,15,7,6,0,2,13,53.8462
rereading_s2a,obfus_blood_relation,obfuscation_l2,rereading_s2a,15,5,6,1,3,11,45.4545
self_consistency,obfus_fol,obfuscation,self_consistency,15,8,5,0,2,13,61.5385
self_consistency,obfus_blood_relation,obfuscation_l1,self_consistency,15,8,2,1,4,10,80.0
self_consistency,obfus_blood_relation,obfuscation_l2,self_consistency,15,4,6,2,3,10,40.0
self_consistency,obfus_number_series,obfuscation,self_consistency,15,4,8,0,3,12,33.3333
self_consistency,obfus_direction_sense,obfuscation,self_consistency,15,10,1,1,3,11,90.9091
self_verification_cove,obfus_fol,obfuscation,self_verification_cove,15,7,6,0,2,13,53.8462
self_verification_cove,obfus_blood_relation,obfuscation_l1,self_verification_cove,15,7,4,0,4,11,63.6364
self_verification_cove,obfus_blood_relation,obfuscation_l2,self_verification_cove,15,5,6,1,3,11,45.4545
self_verification_cove,obfus_number_series,obfuscation,self_verification_cove,15,1,11,0,3,12,8.3333
self_verification_cove,obfus_direction_sense,obfuscation,self_verification_cove,15,7,1,1,6,8,87.5
